Source,Target,Type
fr8mbbt,fr90vi0,Directed
fr90vi0,fr91tcx,Directed
fr91tcx,fr9c9l9,Directed
fr9c9l9,fr9vupt,Directed
fr9vupt,fr9wvfj,Directed
fr9wvfj,frb3r48,Directed
frb3r48,frbr4sq,Directed
frbr4sq,fw531t8,Directed
frbr4sq,fxkc186,Directed
fr9vupt,frbh792,Directed
frbh792,lv9fsnf,Directed
fr9vupt,frcsp2q,Directed
frcsp2q,frwynbs,Directed
fr9c9l9,frhzki9,Directed
fr90vi0,fr9yhry,Directed
fr9yhry,fr9z7oy,Directed
fr9z7oy,frwyp46,Directed
frwyp46,frwywq3,Directed
fr90vi0,j4zij1l,Directed
fr8mbbt,fr9lnox,Directed
fr9lnox,frawy48,Directed
frawy48,frbq5yn,Directed
fr9lnox,fresfdq,Directed
fr8mbbt,fr9vn3s,Directed
fr8mbbt,fr9pjy2,Directed
fr9pjy2,fraprgq,Directed
fraprgq,frb6c9i,Directed
frb6c9i,frb9rz7,Directed
fraprgq,jjlpmhp,Directed
fr8mbbt,fraiqvx,Directed
fr8mbbt,frzu3ur,Directed
fr8mbbt,m9b5rcp,Directed
fr8mbbt,i3chs8n,Directed
fr8ic6u,fr8ms38,Directed
fr8ms38,fr8n0zl,Directed
fr8n0zl,fr8ohyy,Directed
fr8ohyy,fr8s5rl,Directed
fr8s5rl,fr8tdin,Directed
fr8tdin,fr8u1us,Directed
fr8tdin,fr9j4zb,Directed
fr9j4zb,fr9nt1c,Directed
fr8s5rl,fr8uxhh,Directed
fr8n0zl,fr9xn86,Directed
fr8n0zl,fra2v00,Directed
fr8n0zl,frd6rwv,Directed
fr8ms38,fr8pglj,Directed
fr8ms38,i3pmoub,Directed
fr8ic6u,fr8rrru,Directed
fr8rrru,fr9ar6d,Directed
fr8rrru,fr9c2u1,Directed
fr8ic6u,frbf6v3,Directed
fr8ic6u,frh4txg,Directed
fr8ic6u,hpfyzgc,Directed
fr8ic6u,hrf4gom,Directed
fr8ic6u,j4zikfq,Directed
fr8i60u,fr928ru,Directed
fr928ru,fr9is1v,Directed
fr9is1v,fra13vg,Directed
fr8i60u,fra22fv,Directed
fr8i60u,fr9qcb6,Directed
fr9qcb6,fr9tr2y,Directed
fr8i60u,frb46fs,Directed
frb46fs,khvmtnk,Directed
fr8i60u,ibzewvf,Directed
fr8mrd5,fr8pj6y,Directed
fr8pj6y,fra4fcg,Directed
fr8mrd5,g1xr3lh,Directed
fr8rhq7,fr9aep9,Directed
fr8n4fc,fr97lej,Directed
fr97lej,m2451g8,Directed
fr8nmcp,fr8zf7m,Directed
fr8pgge,fr8q11c,Directed
fr8q11c,fr9pq2t,Directed
fr8q11c,le8ojbr,Directed
fr8pgge,frc0lwp,Directed
fr8ov4y,frvraps,Directed
fr8q2fl,fr90k3g,Directed
fr90k3g,fr90mzx,Directed
fr8q2fl,fr94g6i,Directed
fr9ars7,fr9gu9t,Directed
fr8qoak,fr99zk6,Directed
fr99zk6,fr9a64e,Directed
fr8qwwf,frh53vj,Directed
fr8qe8u,fr8san2,Directed
fr9frsd,fr9syir,Directed
fr9qe4r,frapkot,Directed
fr92ppp,fr92rkh,Directed
fr97jro,frapgq6,Directed
fr9gugb,fr9gzfc,Directed
fr9ns33,fr9nvl8,Directed
frayugp,fydc7mw,Directed
fydc7mw,fyfv74x,Directed
frbuaw6,frbubcl,Directed
fsb04nt,fsb0jk8,Directed
ftpogtw,fuwfwr5,Directed
fumnnch,fumnuzi,Directed
fvdebj0,fvdena5,Directed
fvgpewh,fvgpsee,Directed
fyql77c,fyqm0uv,Directed
g9fxsc1,g9fxsrl,Directed
ilhw1ts,ilhw30m,Directed
jcvxgf0,jcvxgqz,Directed
jtdifig,jtdig0z,Directed
jwcxkhf,jwcxl3g,Directed
