id,parent_id,author,body,score,created_utc,replies,Label,Parent
fr8mbbt,,RyanEastwood,Biggest plot twist when he shat out that cement truck from his ass,3302,1589982003.0,"[{'id': 'fr90vi0', 'parent_id': 'fr8mbbt', 'author': 'shibeofwisdom', 'body': 'He built it out of palm trees, duh.', 'score': 1045, 'created_utc': 1589989754.0, 'replies': [{'id': 'fr91tcx', 'parent_id': 'fr90vi0', 'author': 'RyanEastwood', 'body': 'Of course', 'score': 339, 'created_utc': 1589990212.0, 'replies': [{'id': 'fr9c9l9', 'parent_id': 'fr91tcx', 'author': 'Hypothetical104782', 'body': 'I assume he built the city from palm trees too', 'score': 261, 'created_utc': 1589995201.0, 'replies': [{'id': 'fr9vupt', 'parent_id': 'fr9c9l9', 'author': 'Just_Games04', 'body': 'And he multiplied himself to have an army against swimming zombies', 'score': 191, 'created_utc': 1590004496.0, 'replies': [{'id': 'fr9wvfj', 'parent_id': 'fr9vupt', 'author': 'Hypothetical104782', 'body': 'One more thing: His clones also have a second hobby  besides killing zombies; t-posing!', 'score': 104, 'created_utc': 1590004966.0, 'replies': [{'id': 'frb3r48', 'parent_id': 'fr9wvfj', 'author': 'shiesty-1', 'body': 'r/unexpectedclonewars', 'score': 27, 'created_utc': 1590032098.0, 'replies': [{'id': 'frbr4sq', 'parent_id': 'frb3r48', 'author': 'claimingagate', 'body': '[fart](https://youtu.be/70iIpUX_UF4)', 'score': 7, 'created_utc': 1590052236.0, 'replies': [{'id': 'fw531t8', 'parent_id': 'frbr4sq', 'author': 'Fungamer3874', 'body': 'BRÅŒTHÃ‹R', 'score': 5, 'created_utc': 1593235978.0, 'replies': []}, {'id': 'fxkc186', 'parent_id': 'frbr4sq', 'author': 'None', 'body': 'Wh... what?', 'score': 1, 'created_utc': 1594411017.0, 'replies': []}]}]}]}, {'id': 'frbh792', 'parent_id': 'fr9vupt', 'author': 'foreheadman69', 'body': 'no it was made from palm trees ğŸ¤¦\u200dâ™‚ï¸', 'score': 12, 'created_utc': 1590042556.0, 'replies': [{'id': 'lv9fsnf', 'parent_id': 'frbh792', 'author': 'Witexx', 'body': 'Happy Cake Day', 'score': 1, 'created_utc': 1730676029.0, 'replies': []}]}, {'id': 'frcsp2q', 'parent_id': 'fr9vupt', 'author': 'SergeantStroopwafel', 'body': ""I'm sure he made the artillery out of palm trees as well"", 'score': 12, 'created_utc': 1590077809.0, 'replies': [{'id': 'frwynbs', 'parent_id': 'frcsp2q', 'author': 'Doritosshiper', 'body': ""No duhh, they're made from coconuts u dummy!"", 'score': 10, 'created_utc': 1590529878.0, 'replies': []}]}]}, {'id': 'frhzki9', 'parent_id': 'fr9c9l9', 'author': 'JediLlama666', 'body': 'No coconuts', 'score': 9, 'created_utc': 1590189747.0, 'replies': []}]}]}, {'id': 'fr9yhry', 'parent_id': 'fr90vi0', 'author': 'snk2020', 'body': 'What is the fuel?', 'score': 34, 'created_utc': 1590005718.0, 'replies': [{'id': 'fr9z7oy', 'parent_id': 'fr9yhry', 'author': 'TheNineG', 'body': 'Palm trees.', 'score': 49, 'created_utc': 1590006055.0, 'replies': [{'id': 'frwyp46', 'parent_id': 'fr9z7oy', 'author': 'Doritosshiper', 'body': 'What is the sand?', 'score': 10, 'created_utc': 1590529902.0, 'replies': [{'id': 'frwywq3', 'parent_id': 'frwyp46', 'author': 'TheNineG', 'body': 'Palm tree sawdust', 'score': 21, 'created_utc': 1590530008.0, 'replies': []}]}]}]}, {'id': 'j4zij1l', 'parent_id': 'fr90vi0', 'author': 'notstrangeXvX', 'body': 'Epic...', 'score': 1, 'created_utc': 1674122973.0, 'replies': []}]}, {'id': 'fr9lnox', 'parent_id': 'fr8mbbt', 'author': 'advancedSlayer96', 'body': 'And then the ocean people attacked', 'score': 132, 'created_utc': 1589999681.0, 'replies': [{'id': 'frawy48', 'parent_id': 'fr9lnox', 'author': 'GhettoComic', 'body': 'God damn water benders', 'score': 43, 'created_utc': 1590027954.0, 'replies': [{'id': 'frbq5yn', 'parent_id': 'frawy48', 'author': 'None', 'body': 'darn them', 'score': 5, 'created_utc': 1590051243.0, 'replies': []}]}, {'id': 'fresfdq', 'parent_id': 'fr9lnox', 'author': 'throwawaygiiiirl', 'body': 'r/UnexpectedAvatar', 'score': 5, 'created_utc': 1590115763.0, 'replies': []}]}, {'id': 'fr9vn3s', 'parent_id': 'fr8mbbt', 'author': 'NormalStockPhoto', 'body': 'r/brandnewsentence', 'score': 26, 'created_utc': 1590004400.0, 'replies': []}, {'id': 'fr9pjy2', 'parent_id': 'fr8mbbt', 'author': 'kingosanopp', 'body': 'Legit survival game', 'score': 42, 'created_utc': 1590001557.0, 'replies': [{'id': 'fraprgq', 'parent_id': 'fr9pjy2', 'author': 'None', 'body': ""I swear, it's like people in this thread have never built anything before.\n\nGo outside sometime, nerds.  Real men poop cement trucks."", 'score': 42, 'created_utc': 1590023859.0, 'replies': [{'id': 'frb6c9i', 'parent_id': 'fraprgq', 'author': 'kingosanopp', 'body': 'If you canâ€™t build an entire fucking civilization from a few palm trees on a desert island donâ€™t even bother talking to me.', 'score': 31, 'created_utc': 1590033848.0, 'replies': [{'id': 'frb9rz7', 'parent_id': 'frb6c9i', 'author': 'bustierre', 'body': 'Fucking millennials.', 'score': 18, 'created_utc': 1590036363.0, 'replies': []}]}, {'id': 'jjlpmhp', 'parent_id': 'fraprgq', 'author': 'Open_Librarian_823', 'body': ""Can't say it's was a truck but it sure fell like it. Need more fiber"", 'score': 1, 'created_utc': 1683726503.0, 'replies': []}]}]}, {'id': 'fraiqvx', 'parent_id': 'fr8mbbt', 'author': 'Doodgee1', 'body': '3 trees =  Bobcat', 'score': 15, 'created_utc': 1590019960.0, 'replies': []}, {'id': 'frzu3ur', 'parent_id': 'fr8mbbt', 'author': 'Mtfgenc', 'body': 'r/BrandNewSentence', 'score': 4, 'created_utc': 1590598462.0, 'replies': []}, {'id': 'm9b5rcp', 'parent_id': 'fr8mbbt', 'author': 'Clody_Boy', 'body': 'It came free with his xbox', 'score': 1, 'created_utc': 1737917121.0, 'replies': []}, {'id': 'i3chs8n', 'parent_id': 'fr8mbbt', 'author': 'Destructionite', 'body': 'Nah he just used a dupe glitch', 'score': 1, 'created_utc': 1649076966.0, 'replies': []}]",Biggest plot twist when he...,
fr90vi0,fr8mbbt,shibeofwisdom,"He built it out of palm trees, duh.",1045,1589989754.0,"[{'id': 'fr91tcx', 'parent_id': 'fr90vi0', 'author': 'RyanEastwood', 'body': 'Of course', 'score': 339, 'created_utc': 1589990212.0, 'replies': [{'id': 'fr9c9l9', 'parent_id': 'fr91tcx', 'author': 'Hypothetical104782', 'body': 'I assume he built the city from palm trees too', 'score': 261, 'created_utc': 1589995201.0, 'replies': [{'id': 'fr9vupt', 'parent_id': 'fr9c9l9', 'author': 'Just_Games04', 'body': 'And he multiplied himself to have an army against swimming zombies', 'score': 191, 'created_utc': 1590004496.0, 'replies': [{'id': 'fr9wvfj', 'parent_id': 'fr9vupt', 'author': 'Hypothetical104782', 'body': 'One more thing: His clones also have a second hobby  besides killing zombies; t-posing!', 'score': 104, 'created_utc': 1590004966.0, 'replies': [{'id': 'frb3r48', 'parent_id': 'fr9wvfj', 'author': 'shiesty-1', 'body': 'r/unexpectedclonewars', 'score': 27, 'created_utc': 1590032098.0, 'replies': [{'id': 'frbr4sq', 'parent_id': 'frb3r48', 'author': 'claimingagate', 'body': '[fart](https://youtu.be/70iIpUX_UF4)', 'score': 7, 'created_utc': 1590052236.0, 'replies': [{'id': 'fw531t8', 'parent_id': 'frbr4sq', 'author': 'Fungamer3874', 'body': 'BRÅŒTHÃ‹R', 'score': 5, 'created_utc': 1593235978.0, 'replies': []}, {'id': 'fxkc186', 'parent_id': 'frbr4sq', 'author': 'None', 'body': 'Wh... what?', 'score': 1, 'created_utc': 1594411017.0, 'replies': []}]}]}]}, {'id': 'frbh792', 'parent_id': 'fr9vupt', 'author': 'foreheadman69', 'body': 'no it was made from palm trees ğŸ¤¦\u200dâ™‚ï¸', 'score': 12, 'created_utc': 1590042556.0, 'replies': [{'id': 'lv9fsnf', 'parent_id': 'frbh792', 'author': 'Witexx', 'body': 'Happy Cake Day', 'score': 1, 'created_utc': 1730676029.0, 'replies': []}]}, {'id': 'frcsp2q', 'parent_id': 'fr9vupt', 'author': 'SergeantStroopwafel', 'body': ""I'm sure he made the artillery out of palm trees as well"", 'score': 12, 'created_utc': 1590077809.0, 'replies': [{'id': 'frwynbs', 'parent_id': 'frcsp2q', 'author': 'Doritosshiper', 'body': ""No duhh, they're made from coconuts u dummy!"", 'score': 10, 'created_utc': 1590529878.0, 'replies': []}]}]}, {'id': 'frhzki9', 'parent_id': 'fr9c9l9', 'author': 'JediLlama666', 'body': 'No coconuts', 'score': 9, 'created_utc': 1590189747.0, 'replies': []}]}]}, {'id': 'fr9yhry', 'parent_id': 'fr90vi0', 'author': 'snk2020', 'body': 'What is the fuel?', 'score': 34, 'created_utc': 1590005718.0, 'replies': [{'id': 'fr9z7oy', 'parent_id': 'fr9yhry', 'author': 'TheNineG', 'body': 'Palm trees.', 'score': 49, 'created_utc': 1590006055.0, 'replies': [{'id': 'frwyp46', 'parent_id': 'fr9z7oy', 'author': 'Doritosshiper', 'body': 'What is the sand?', 'score': 10, 'created_utc': 1590529902.0, 'replies': [{'id': 'frwywq3', 'parent_id': 'frwyp46', 'author': 'TheNineG', 'body': 'Palm tree sawdust', 'score': 21, 'created_utc': 1590530008.0, 'replies': []}]}]}]}, {'id': 'j4zij1l', 'parent_id': 'fr90vi0', 'author': 'notstrangeXvX', 'body': 'Epic...', 'score': 1, 'created_utc': 1674122973.0, 'replies': []}]",He built it out of...,fr8mbbt
fr91tcx,fr90vi0,RyanEastwood,Of course,339,1589990212.0,"[{'id': 'fr9c9l9', 'parent_id': 'fr91tcx', 'author': 'Hypothetical104782', 'body': 'I assume he built the city from palm trees too', 'score': 261, 'created_utc': 1589995201.0, 'replies': [{'id': 'fr9vupt', 'parent_id': 'fr9c9l9', 'author': 'Just_Games04', 'body': 'And he multiplied himself to have an army against swimming zombies', 'score': 191, 'created_utc': 1590004496.0, 'replies': [{'id': 'fr9wvfj', 'parent_id': 'fr9vupt', 'author': 'Hypothetical104782', 'body': 'One more thing: His clones also have a second hobby  besides killing zombies; t-posing!', 'score': 104, 'created_utc': 1590004966.0, 'replies': [{'id': 'frb3r48', 'parent_id': 'fr9wvfj', 'author': 'shiesty-1', 'body': 'r/unexpectedclonewars', 'score': 27, 'created_utc': 1590032098.0, 'replies': [{'id': 'frbr4sq', 'parent_id': 'frb3r48', 'author': 'claimingagate', 'body': '[fart](https://youtu.be/70iIpUX_UF4)', 'score': 7, 'created_utc': 1590052236.0, 'replies': [{'id': 'fw531t8', 'parent_id': 'frbr4sq', 'author': 'Fungamer3874', 'body': 'BRÅŒTHÃ‹R', 'score': 5, 'created_utc': 1593235978.0, 'replies': []}, {'id': 'fxkc186', 'parent_id': 'frbr4sq', 'author': 'None', 'body': 'Wh... what?', 'score': 1, 'created_utc': 1594411017.0, 'replies': []}]}]}]}, {'id': 'frbh792', 'parent_id': 'fr9vupt', 'author': 'foreheadman69', 'body': 'no it was made from palm trees ğŸ¤¦\u200dâ™‚ï¸', 'score': 12, 'created_utc': 1590042556.0, 'replies': [{'id': 'lv9fsnf', 'parent_id': 'frbh792', 'author': 'Witexx', 'body': 'Happy Cake Day', 'score': 1, 'created_utc': 1730676029.0, 'replies': []}]}, {'id': 'frcsp2q', 'parent_id': 'fr9vupt', 'author': 'SergeantStroopwafel', 'body': ""I'm sure he made the artillery out of palm trees as well"", 'score': 12, 'created_utc': 1590077809.0, 'replies': [{'id': 'frwynbs', 'parent_id': 'frcsp2q', 'author': 'Doritosshiper', 'body': ""No duhh, they're made from coconuts u dummy!"", 'score': 10, 'created_utc': 1590529878.0, 'replies': []}]}]}, {'id': 'frhzki9', 'parent_id': 'fr9c9l9', 'author': 'JediLlama666', 'body': 'No coconuts', 'score': 9, 'created_utc': 1590189747.0, 'replies': []}]}]",Of course,fr90vi0
fr9c9l9,fr91tcx,Hypothetical104782,I assume he built the city from palm trees too,261,1589995201.0,"[{'id': 'fr9vupt', 'parent_id': 'fr9c9l9', 'author': 'Just_Games04', 'body': 'And he multiplied himself to have an army against swimming zombies', 'score': 191, 'created_utc': 1590004496.0, 'replies': [{'id': 'fr9wvfj', 'parent_id': 'fr9vupt', 'author': 'Hypothetical104782', 'body': 'One more thing: His clones also have a second hobby  besides killing zombies; t-posing!', 'score': 104, 'created_utc': 1590004966.0, 'replies': [{'id': 'frb3r48', 'parent_id': 'fr9wvfj', 'author': 'shiesty-1', 'body': 'r/unexpectedclonewars', 'score': 27, 'created_utc': 1590032098.0, 'replies': [{'id': 'frbr4sq', 'parent_id': 'frb3r48', 'author': 'claimingagate', 'body': '[fart](https://youtu.be/70iIpUX_UF4)', 'score': 7, 'created_utc': 1590052236.0, 'replies': [{'id': 'fw531t8', 'parent_id': 'frbr4sq', 'author': 'Fungamer3874', 'body': 'BRÅŒTHÃ‹R', 'score': 5, 'created_utc': 1593235978.0, 'replies': []}, {'id': 'fxkc186', 'parent_id': 'frbr4sq', 'author': 'None', 'body': 'Wh... what?', 'score': 1, 'created_utc': 1594411017.0, 'replies': []}]}]}]}, {'id': 'frbh792', 'parent_id': 'fr9vupt', 'author': 'foreheadman69', 'body': 'no it was made from palm trees ğŸ¤¦\u200dâ™‚ï¸', 'score': 12, 'created_utc': 1590042556.0, 'replies': [{'id': 'lv9fsnf', 'parent_id': 'frbh792', 'author': 'Witexx', 'body': 'Happy Cake Day', 'score': 1, 'created_utc': 1730676029.0, 'replies': []}]}, {'id': 'frcsp2q', 'parent_id': 'fr9vupt', 'author': 'SergeantStroopwafel', 'body': ""I'm sure he made the artillery out of palm trees as well"", 'score': 12, 'created_utc': 1590077809.0, 'replies': [{'id': 'frwynbs', 'parent_id': 'frcsp2q', 'author': 'Doritosshiper', 'body': ""No duhh, they're made from coconuts u dummy!"", 'score': 10, 'created_utc': 1590529878.0, 'replies': []}]}]}, {'id': 'frhzki9', 'parent_id': 'fr9c9l9', 'author': 'JediLlama666', 'body': 'No coconuts', 'score': 9, 'created_utc': 1590189747.0, 'replies': []}]",I assume he built the...,fr91tcx
fr9vupt,fr9c9l9,Just_Games04,And he multiplied himself to have an army against swimming zombies,191,1590004496.0,"[{'id': 'fr9wvfj', 'parent_id': 'fr9vupt', 'author': 'Hypothetical104782', 'body': 'One more thing: His clones also have a second hobby  besides killing zombies; t-posing!', 'score': 104, 'created_utc': 1590004966.0, 'replies': [{'id': 'frb3r48', 'parent_id': 'fr9wvfj', 'author': 'shiesty-1', 'body': 'r/unexpectedclonewars', 'score': 27, 'created_utc': 1590032098.0, 'replies': [{'id': 'frbr4sq', 'parent_id': 'frb3r48', 'author': 'claimingagate', 'body': '[fart](https://youtu.be/70iIpUX_UF4)', 'score': 7, 'created_utc': 1590052236.0, 'replies': [{'id': 'fw531t8', 'parent_id': 'frbr4sq', 'author': 'Fungamer3874', 'body': 'BRÅŒTHÃ‹R', 'score': 5, 'created_utc': 1593235978.0, 'replies': []}, {'id': 'fxkc186', 'parent_id': 'frbr4sq', 'author': 'None', 'body': 'Wh... what?', 'score': 1, 'created_utc': 1594411017.0, 'replies': []}]}]}]}, {'id': 'frbh792', 'parent_id': 'fr9vupt', 'author': 'foreheadman69', 'body': 'no it was made from palm trees ğŸ¤¦\u200dâ™‚ï¸', 'score': 12, 'created_utc': 1590042556.0, 'replies': [{'id': 'lv9fsnf', 'parent_id': 'frbh792', 'author': 'Witexx', 'body': 'Happy Cake Day', 'score': 1, 'created_utc': 1730676029.0, 'replies': []}]}, {'id': 'frcsp2q', 'parent_id': 'fr9vupt', 'author': 'SergeantStroopwafel', 'body': ""I'm sure he made the artillery out of palm trees as well"", 'score': 12, 'created_utc': 1590077809.0, 'replies': [{'id': 'frwynbs', 'parent_id': 'frcsp2q', 'author': 'Doritosshiper', 'body': ""No duhh, they're made from coconuts u dummy!"", 'score': 10, 'created_utc': 1590529878.0, 'replies': []}]}]",And he multiplied himself to...,fr9c9l9
fr9wvfj,fr9vupt,Hypothetical104782,One more thing: His clones also have a second hobby  besides killing zombies; t-posing!,104,1590004966.0,"[{'id': 'frb3r48', 'parent_id': 'fr9wvfj', 'author': 'shiesty-1', 'body': 'r/unexpectedclonewars', 'score': 27, 'created_utc': 1590032098.0, 'replies': [{'id': 'frbr4sq', 'parent_id': 'frb3r48', 'author': 'claimingagate', 'body': '[fart](https://youtu.be/70iIpUX_UF4)', 'score': 7, 'created_utc': 1590052236.0, 'replies': [{'id': 'fw531t8', 'parent_id': 'frbr4sq', 'author': 'Fungamer3874', 'body': 'BRÅŒTHÃ‹R', 'score': 5, 'created_utc': 1593235978.0, 'replies': []}, {'id': 'fxkc186', 'parent_id': 'frbr4sq', 'author': 'None', 'body': 'Wh... what?', 'score': 1, 'created_utc': 1594411017.0, 'replies': []}]}]}]",One more thing: His clones...,fr9vupt
frb3r48,fr9wvfj,shiesty-1,r/unexpectedclonewars,27,1590032098.0,"[{'id': 'frbr4sq', 'parent_id': 'frb3r48', 'author': 'claimingagate', 'body': '[fart](https://youtu.be/70iIpUX_UF4)', 'score': 7, 'created_utc': 1590052236.0, 'replies': [{'id': 'fw531t8', 'parent_id': 'frbr4sq', 'author': 'Fungamer3874', 'body': 'BRÅŒTHÃ‹R', 'score': 5, 'created_utc': 1593235978.0, 'replies': []}, {'id': 'fxkc186', 'parent_id': 'frbr4sq', 'author': 'None', 'body': 'Wh... what?', 'score': 1, 'created_utc': 1594411017.0, 'replies': []}]}]",r/unexpectedclonewars,fr9wvfj
frbr4sq,frb3r48,claimingagate,[fart](https://youtu.be/70iIpUX_UF4),7,1590052236.0,"[{'id': 'fw531t8', 'parent_id': 'frbr4sq', 'author': 'Fungamer3874', 'body': 'BRÅŒTHÃ‹R', 'score': 5, 'created_utc': 1593235978.0, 'replies': []}, {'id': 'fxkc186', 'parent_id': 'frbr4sq', 'author': 'None', 'body': 'Wh... what?', 'score': 1, 'created_utc': 1594411017.0, 'replies': []}]",[fart](https://youtu.be/70iIpUX_UF4),frb3r48
fw531t8,frbr4sq,Fungamer3874,BRÅŒTHÃ‹R,5,1593235978.0,[],BRÅŒTHÃ‹R,frbr4sq
fxkc186,frbr4sq,None,Wh... what?,1,1594411017.0,[],Wh... what?,frbr4sq
frbh792,fr9vupt,foreheadman69,no it was made from palm trees ğŸ¤¦â€â™‚ï¸,12,1590042556.0,"[{'id': 'lv9fsnf', 'parent_id': 'frbh792', 'author': 'Witexx', 'body': 'Happy Cake Day', 'score': 1, 'created_utc': 1730676029.0, 'replies': []}]",no it was made from...,fr9vupt
lv9fsnf,frbh792,Witexx,Happy Cake Day,1,1730676029.0,[],Happy Cake Day,frbh792
frcsp2q,fr9vupt,SergeantStroopwafel,I'm sure he made the artillery out of palm trees as well,12,1590077809.0,"[{'id': 'frwynbs', 'parent_id': 'frcsp2q', 'author': 'Doritosshiper', 'body': ""No duhh, they're made from coconuts u dummy!"", 'score': 10, 'created_utc': 1590529878.0, 'replies': []}]",I'm sure he made the...,fr9vupt
frwynbs,frcsp2q,Doritosshiper,"No duhh, they're made from coconuts u dummy!",10,1590529878.0,[],"No duhh, they're made from...",frcsp2q
frhzki9,fr9c9l9,JediLlama666,No coconuts,9,1590189747.0,[],No coconuts,fr9c9l9
fr9yhry,fr90vi0,snk2020,What is the fuel?,34,1590005718.0,"[{'id': 'fr9z7oy', 'parent_id': 'fr9yhry', 'author': 'TheNineG', 'body': 'Palm trees.', 'score': 49, 'created_utc': 1590006055.0, 'replies': [{'id': 'frwyp46', 'parent_id': 'fr9z7oy', 'author': 'Doritosshiper', 'body': 'What is the sand?', 'score': 10, 'created_utc': 1590529902.0, 'replies': [{'id': 'frwywq3', 'parent_id': 'frwyp46', 'author': 'TheNineG', 'body': 'Palm tree sawdust', 'score': 21, 'created_utc': 1590530008.0, 'replies': []}]}]}]",What is the fuel?,fr90vi0
fr9z7oy,fr9yhry,TheNineG,Palm trees.,49,1590006055.0,"[{'id': 'frwyp46', 'parent_id': 'fr9z7oy', 'author': 'Doritosshiper', 'body': 'What is the sand?', 'score': 10, 'created_utc': 1590529902.0, 'replies': [{'id': 'frwywq3', 'parent_id': 'frwyp46', 'author': 'TheNineG', 'body': 'Palm tree sawdust', 'score': 21, 'created_utc': 1590530008.0, 'replies': []}]}]",Palm trees.,fr9yhry
frwyp46,fr9z7oy,Doritosshiper,What is the sand?,10,1590529902.0,"[{'id': 'frwywq3', 'parent_id': 'frwyp46', 'author': 'TheNineG', 'body': 'Palm tree sawdust', 'score': 21, 'created_utc': 1590530008.0, 'replies': []}]",What is the sand?,fr9z7oy
frwywq3,frwyp46,TheNineG,Palm tree sawdust,21,1590530008.0,[],Palm tree sawdust,frwyp46
j4zij1l,fr90vi0,notstrangeXvX,Epic...,1,1674122973.0,[],Epic...,fr90vi0
fr9lnox,fr8mbbt,advancedSlayer96,And then the ocean people attacked,132,1589999681.0,"[{'id': 'frawy48', 'parent_id': 'fr9lnox', 'author': 'GhettoComic', 'body': 'God damn water benders', 'score': 43, 'created_utc': 1590027954.0, 'replies': [{'id': 'frbq5yn', 'parent_id': 'frawy48', 'author': 'None', 'body': 'darn them', 'score': 5, 'created_utc': 1590051243.0, 'replies': []}]}, {'id': 'fresfdq', 'parent_id': 'fr9lnox', 'author': 'throwawaygiiiirl', 'body': 'r/UnexpectedAvatar', 'score': 5, 'created_utc': 1590115763.0, 'replies': []}]",And then the ocean people...,fr8mbbt
frawy48,fr9lnox,GhettoComic,God damn water benders,43,1590027954.0,"[{'id': 'frbq5yn', 'parent_id': 'frawy48', 'author': 'None', 'body': 'darn them', 'score': 5, 'created_utc': 1590051243.0, 'replies': []}]",God damn water benders,fr9lnox
frbq5yn,frawy48,None,darn them,5,1590051243.0,[],darn them,frawy48
fresfdq,fr9lnox,throwawaygiiiirl,r/UnexpectedAvatar,5,1590115763.0,[],r/UnexpectedAvatar,fr9lnox
fr9vn3s,fr8mbbt,NormalStockPhoto,r/brandnewsentence,26,1590004400.0,[],r/brandnewsentence,fr8mbbt
fr9pjy2,fr8mbbt,kingosanopp,Legit survival game,42,1590001557.0,"[{'id': 'fraprgq', 'parent_id': 'fr9pjy2', 'author': 'None', 'body': ""I swear, it's like people in this thread have never built anything before.\n\nGo outside sometime, nerds.  Real men poop cement trucks."", 'score': 42, 'created_utc': 1590023859.0, 'replies': [{'id': 'frb6c9i', 'parent_id': 'fraprgq', 'author': 'kingosanopp', 'body': 'If you canâ€™t build an entire fucking civilization from a few palm trees on a desert island donâ€™t even bother talking to me.', 'score': 31, 'created_utc': 1590033848.0, 'replies': [{'id': 'frb9rz7', 'parent_id': 'frb6c9i', 'author': 'bustierre', 'body': 'Fucking millennials.', 'score': 18, 'created_utc': 1590036363.0, 'replies': []}]}, {'id': 'jjlpmhp', 'parent_id': 'fraprgq', 'author': 'Open_Librarian_823', 'body': ""Can't say it's was a truck but it sure fell like it. Need more fiber"", 'score': 1, 'created_utc': 1683726503.0, 'replies': []}]}]",Legit survival game,fr8mbbt
fraprgq,fr9pjy2,None,"I swear, it's like people in this thread have never built anything before.

Go outside sometime, nerds.  Real men poop cement trucks.",42,1590023859.0,"[{'id': 'frb6c9i', 'parent_id': 'fraprgq', 'author': 'kingosanopp', 'body': 'If you canâ€™t build an entire fucking civilization from a few palm trees on a desert island donâ€™t even bother talking to me.', 'score': 31, 'created_utc': 1590033848.0, 'replies': [{'id': 'frb9rz7', 'parent_id': 'frb6c9i', 'author': 'bustierre', 'body': 'Fucking millennials.', 'score': 18, 'created_utc': 1590036363.0, 'replies': []}]}, {'id': 'jjlpmhp', 'parent_id': 'fraprgq', 'author': 'Open_Librarian_823', 'body': ""Can't say it's was a truck but it sure fell like it. Need more fiber"", 'score': 1, 'created_utc': 1683726503.0, 'replies': []}]","I swear, it's like people...",fr9pjy2
frb6c9i,fraprgq,kingosanopp,If you canâ€™t build an entire fucking civilization from a few palm trees on a desert island donâ€™t even bother talking to me.,31,1590033848.0,"[{'id': 'frb9rz7', 'parent_id': 'frb6c9i', 'author': 'bustierre', 'body': 'Fucking millennials.', 'score': 18, 'created_utc': 1590036363.0, 'replies': []}]",If you canâ€™t build an...,fraprgq
frb9rz7,frb6c9i,bustierre,Fucking millennials.,18,1590036363.0,[],Fucking millennials.,frb6c9i
jjlpmhp,fraprgq,Open_Librarian_823,Can't say it's was a truck but it sure fell like it. Need more fiber,1,1683726503.0,[],Can't say it's was a...,fraprgq
fraiqvx,fr8mbbt,Doodgee1,3 trees =  Bobcat,15,1590019960.0,[],3 trees = Bobcat,fr8mbbt
frzu3ur,fr8mbbt,Mtfgenc,r/BrandNewSentence,4,1590598462.0,[],r/BrandNewSentence,fr8mbbt
m9b5rcp,fr8mbbt,Clody_Boy,It came free with his xbox,1,1737917121.0,[],It came free with his...,fr8mbbt
i3chs8n,fr8mbbt,Destructionite,Nah he just used a dupe glitch,1,1649076966.0,[],Nah he just used a...,fr8mbbt
fr8ic6u,,Kapzuu,Where did all of the people on the walls come from,1444,1589979509.0,"[{'id': 'fr8ms38', 'parent_id': 'fr8ic6u', 'author': 'TheDougio', 'body': 'Where did the cement truck come from?', 'score': 889, 'created_utc': 1589982275.0, 'replies': [{'id': 'fr8n0zl', 'parent_id': 'fr8ms38', 'author': 'TheGreatDownvotar', 'body': 'Where did the zombies come from?', 'score': 587, 'created_utc': 1589982416.0, 'replies': [{'id': 'fr8ohyy', 'parent_id': 'fr8n0zl', 'author': 'Kapzuu', 'body': 'Maybe he used cheat codes', 'score': 313, 'created_utc': 1589983263.0, 'replies': [{'id': 'fr8s5rl', 'parent_id': 'fr8ohyy', 'author': 'None', 'body': 'My friend likes to play this game (in forgetting the name) but the only way to win is by using cheat codes. You start on an island and by exploring you can find a certain word or phrase written somewhere, and then you type that into a certain area of the games code and it does something like sometimes itâ€™ll make you jump super high and some will spawn a helicopter you can use to get to the next island.\n\nEdit: I canâ€™t find the name of that specific game but thereâ€™s another game called Enter The Glitch which is the same concept but on like a spaceship', 'score': 151, 'created_utc': 1589985300.0, 'replies': [{'id': 'fr8tdin', 'parent_id': 'fr8s5rl', 'author': 'LeGoatMaster', 'body': 'tell us the name later', 'score': 46, 'created_utc': 1589985943.0, 'replies': [{'id': 'fr8u1us', 'parent_id': 'fr8tdin', 'author': '_Azonar_', 'body': 'The t shirt off the guy in the beginning says Last Shelter, Iâ€™m gonna guess itâ€™s that', 'score': 45, 'created_utc': 1589986301.0, 'replies': []}, {'id': 'fr9j4zb', 'parent_id': 'fr8tdin', 'author': 'None', 'body': ""He's lying. The game is Last Shelter and it's nothing like he explained."", 'score': 19, 'created_utc': 1589998482.0, 'replies': [{'id': 'fr9nt1c', 'parent_id': 'fr9j4zb', 'author': 'TheBGamer12', 'body': 'He talking about other game dude', 'score': 48, 'created_utc': 1590000710.0, 'replies': []}]}]}, {'id': 'fr8uxhh', 'parent_id': 'fr8s5rl', 'author': 'IAMMEYES', 'body': 'Yes please ask your friend what the name it is! That sounds like an awesome game!', 'score': 11, 'created_utc': 1589986754.0, 'replies': []}]}]}, {'id': 'fr9xn86', 'parent_id': 'fr8n0zl', 'author': 'solemnbiscuit', 'body': 'Where did the lighter fluid come from?', 'score': 5, 'created_utc': 1590005326.0, 'replies': []}, {'id': 'fra2v00', 'parent_id': 'fr8n0zl', 'author': 'sPicycAtguAcomOle', 'body': 'Water', 'score': 5, 'created_utc': 1590007808.0, 'replies': []}, {'id': 'frd6rwv', 'parent_id': 'fr8n0zl', 'author': 'mobzillah', 'body': 'Who said they were zombies', 'score': 1, 'created_utc': 1590084640.0, 'replies': []}]}, {'id': 'fr8pglj', 'parent_id': 'fr8ms38', 'author': 'pinkpanzer101', 'body': 'His anus.', 'score': 25, 'created_utc': 1589983812.0, 'replies': []}, {'id': 'i3pmoub', 'parent_id': 'fr8ms38', 'author': 'None', 'body': 'him imventory', 'score': 1, 'created_utc': 1649297767.0, 'replies': []}]}, {'id': 'fr8rrru', 'parent_id': 'fr8ic6u', 'author': 'None', 'body': 'Why did he take off his clothes', 'score': 36, 'created_utc': 1589985089.0, 'replies': [{'id': 'fr9ar6d', 'parent_id': 'fr8rrru', 'author': 'HellfireEmpire21', 'body': 'To keep himself from sweating I guess. Who knows? He may have done it increase his chances of randomly popping four city blocks out of his ass.', 'score': 66, 'created_utc': 1589994490.0, 'replies': []}, {'id': 'fr9c2u1', 'parent_id': 'fr8rrru', 'author': 'Fletcher-Cat', 'body': 'He was overheating/dehydrated', 'score': 11, 'created_utc': 1589995114.0, 'replies': []}]}, {'id': 'frbf6v3', 'parent_id': 'fr8ic6u', 'author': 'DerRommelndeErwin', 'body': 'Out of is Ass like the truck', 'score': 4, 'created_utc': 1590040755.0, 'replies': []}, {'id': 'frh4txg', 'parent_id': 'fr8ic6u', 'author': 'ParallelGalaxiies', 'body': 'the ocean with the zombies', 'score': 2, 'created_utc': 1590173574.0, 'replies': []}, {'id': 'hpfyzgc', 'parent_id': 'fr8ic6u', 'author': 'None', 'body': 'he chopped down a few palm trees so he had enough tools to craft a city, more land, and sentient life', 'score': 2, 'created_utc': 1640105769.0, 'replies': []}, {'id': 'hrf4gom', 'parent_id': 'fr8ic6u', 'author': 'None', 'body': 'Itâ€™s trans power. Self fuck', 'score': 1, 'created_utc': 1641424452.0, 'replies': []}, {'id': 'j4zikfq', 'parent_id': 'fr8ic6u', 'author': 'notstrangeXvX', 'body': 'He gave birth to them', 'score': 1, 'created_utc': 1674123007.0, 'replies': []}]",Where did all of the...,
fr8ms38,fr8ic6u,TheDougio,Where did the cement truck come from?,889,1589982275.0,"[{'id': 'fr8n0zl', 'parent_id': 'fr8ms38', 'author': 'TheGreatDownvotar', 'body': 'Where did the zombies come from?', 'score': 587, 'created_utc': 1589982416.0, 'replies': [{'id': 'fr8ohyy', 'parent_id': 'fr8n0zl', 'author': 'Kapzuu', 'body': 'Maybe he used cheat codes', 'score': 313, 'created_utc': 1589983263.0, 'replies': [{'id': 'fr8s5rl', 'parent_id': 'fr8ohyy', 'author': 'None', 'body': 'My friend likes to play this game (in forgetting the name) but the only way to win is by using cheat codes. You start on an island and by exploring you can find a certain word or phrase written somewhere, and then you type that into a certain area of the games code and it does something like sometimes itâ€™ll make you jump super high and some will spawn a helicopter you can use to get to the next island.\n\nEdit: I canâ€™t find the name of that specific game but thereâ€™s another game called Enter The Glitch which is the same concept but on like a spaceship', 'score': 151, 'created_utc': 1589985300.0, 'replies': [{'id': 'fr8tdin', 'parent_id': 'fr8s5rl', 'author': 'LeGoatMaster', 'body': 'tell us the name later', 'score': 46, 'created_utc': 1589985943.0, 'replies': [{'id': 'fr8u1us', 'parent_id': 'fr8tdin', 'author': '_Azonar_', 'body': 'The t shirt off the guy in the beginning says Last Shelter, Iâ€™m gonna guess itâ€™s that', 'score': 45, 'created_utc': 1589986301.0, 'replies': []}, {'id': 'fr9j4zb', 'parent_id': 'fr8tdin', 'author': 'None', 'body': ""He's lying. The game is Last Shelter and it's nothing like he explained."", 'score': 19, 'created_utc': 1589998482.0, 'replies': [{'id': 'fr9nt1c', 'parent_id': 'fr9j4zb', 'author': 'TheBGamer12', 'body': 'He talking about other game dude', 'score': 48, 'created_utc': 1590000710.0, 'replies': []}]}]}, {'id': 'fr8uxhh', 'parent_id': 'fr8s5rl', 'author': 'IAMMEYES', 'body': 'Yes please ask your friend what the name it is! That sounds like an awesome game!', 'score': 11, 'created_utc': 1589986754.0, 'replies': []}]}]}, {'id': 'fr9xn86', 'parent_id': 'fr8n0zl', 'author': 'solemnbiscuit', 'body': 'Where did the lighter fluid come from?', 'score': 5, 'created_utc': 1590005326.0, 'replies': []}, {'id': 'fra2v00', 'parent_id': 'fr8n0zl', 'author': 'sPicycAtguAcomOle', 'body': 'Water', 'score': 5, 'created_utc': 1590007808.0, 'replies': []}, {'id': 'frd6rwv', 'parent_id': 'fr8n0zl', 'author': 'mobzillah', 'body': 'Who said they were zombies', 'score': 1, 'created_utc': 1590084640.0, 'replies': []}]}, {'id': 'fr8pglj', 'parent_id': 'fr8ms38', 'author': 'pinkpanzer101', 'body': 'His anus.', 'score': 25, 'created_utc': 1589983812.0, 'replies': []}, {'id': 'i3pmoub', 'parent_id': 'fr8ms38', 'author': 'None', 'body': 'him imventory', 'score': 1, 'created_utc': 1649297767.0, 'replies': []}]",Where did the cement truck...,fr8ic6u
fr8n0zl,fr8ms38,TheGreatDownvotar,Where did the zombies come from?,587,1589982416.0,"[{'id': 'fr8ohyy', 'parent_id': 'fr8n0zl', 'author': 'Kapzuu', 'body': 'Maybe he used cheat codes', 'score': 313, 'created_utc': 1589983263.0, 'replies': [{'id': 'fr8s5rl', 'parent_id': 'fr8ohyy', 'author': 'None', 'body': 'My friend likes to play this game (in forgetting the name) but the only way to win is by using cheat codes. You start on an island and by exploring you can find a certain word or phrase written somewhere, and then you type that into a certain area of the games code and it does something like sometimes itâ€™ll make you jump super high and some will spawn a helicopter you can use to get to the next island.\n\nEdit: I canâ€™t find the name of that specific game but thereâ€™s another game called Enter The Glitch which is the same concept but on like a spaceship', 'score': 151, 'created_utc': 1589985300.0, 'replies': [{'id': 'fr8tdin', 'parent_id': 'fr8s5rl', 'author': 'LeGoatMaster', 'body': 'tell us the name later', 'score': 46, 'created_utc': 1589985943.0, 'replies': [{'id': 'fr8u1us', 'parent_id': 'fr8tdin', 'author': '_Azonar_', 'body': 'The t shirt off the guy in the beginning says Last Shelter, Iâ€™m gonna guess itâ€™s that', 'score': 45, 'created_utc': 1589986301.0, 'replies': []}, {'id': 'fr9j4zb', 'parent_id': 'fr8tdin', 'author': 'None', 'body': ""He's lying. The game is Last Shelter and it's nothing like he explained."", 'score': 19, 'created_utc': 1589998482.0, 'replies': [{'id': 'fr9nt1c', 'parent_id': 'fr9j4zb', 'author': 'TheBGamer12', 'body': 'He talking about other game dude', 'score': 48, 'created_utc': 1590000710.0, 'replies': []}]}]}, {'id': 'fr8uxhh', 'parent_id': 'fr8s5rl', 'author': 'IAMMEYES', 'body': 'Yes please ask your friend what the name it is! That sounds like an awesome game!', 'score': 11, 'created_utc': 1589986754.0, 'replies': []}]}]}, {'id': 'fr9xn86', 'parent_id': 'fr8n0zl', 'author': 'solemnbiscuit', 'body': 'Where did the lighter fluid come from?', 'score': 5, 'created_utc': 1590005326.0, 'replies': []}, {'id': 'fra2v00', 'parent_id': 'fr8n0zl', 'author': 'sPicycAtguAcomOle', 'body': 'Water', 'score': 5, 'created_utc': 1590007808.0, 'replies': []}, {'id': 'frd6rwv', 'parent_id': 'fr8n0zl', 'author': 'mobzillah', 'body': 'Who said they were zombies', 'score': 1, 'created_utc': 1590084640.0, 'replies': []}]",Where did the zombies come...,fr8ms38
fr8ohyy,fr8n0zl,Kapzuu,Maybe he used cheat codes,313,1589983263.0,"[{'id': 'fr8s5rl', 'parent_id': 'fr8ohyy', 'author': 'None', 'body': 'My friend likes to play this game (in forgetting the name) but the only way to win is by using cheat codes. You start on an island and by exploring you can find a certain word or phrase written somewhere, and then you type that into a certain area of the games code and it does something like sometimes itâ€™ll make you jump super high and some will spawn a helicopter you can use to get to the next island.\n\nEdit: I canâ€™t find the name of that specific game but thereâ€™s another game called Enter The Glitch which is the same concept but on like a spaceship', 'score': 151, 'created_utc': 1589985300.0, 'replies': [{'id': 'fr8tdin', 'parent_id': 'fr8s5rl', 'author': 'LeGoatMaster', 'body': 'tell us the name later', 'score': 46, 'created_utc': 1589985943.0, 'replies': [{'id': 'fr8u1us', 'parent_id': 'fr8tdin', 'author': '_Azonar_', 'body': 'The t shirt off the guy in the beginning says Last Shelter, Iâ€™m gonna guess itâ€™s that', 'score': 45, 'created_utc': 1589986301.0, 'replies': []}, {'id': 'fr9j4zb', 'parent_id': 'fr8tdin', 'author': 'None', 'body': ""He's lying. The game is Last Shelter and it's nothing like he explained."", 'score': 19, 'created_utc': 1589998482.0, 'replies': [{'id': 'fr9nt1c', 'parent_id': 'fr9j4zb', 'author': 'TheBGamer12', 'body': 'He talking about other game dude', 'score': 48, 'created_utc': 1590000710.0, 'replies': []}]}]}, {'id': 'fr8uxhh', 'parent_id': 'fr8s5rl', 'author': 'IAMMEYES', 'body': 'Yes please ask your friend what the name it is! That sounds like an awesome game!', 'score': 11, 'created_utc': 1589986754.0, 'replies': []}]}]",Maybe he used cheat codes,fr8n0zl
fr8s5rl,fr8ohyy,None,"My friend likes to play this game (in forgetting the name) but the only way to win is by using cheat codes. You start on an island and by exploring you can find a certain word or phrase written somewhere, and then you type that into a certain area of the games code and it does something like sometimes itâ€™ll make you jump super high and some will spawn a helicopter you can use to get to the next island.

Edit: I canâ€™t find the name of that specific game but thereâ€™s another game called Enter The Glitch which is the same concept but on like a spaceship",151,1589985300.0,"[{'id': 'fr8tdin', 'parent_id': 'fr8s5rl', 'author': 'LeGoatMaster', 'body': 'tell us the name later', 'score': 46, 'created_utc': 1589985943.0, 'replies': [{'id': 'fr8u1us', 'parent_id': 'fr8tdin', 'author': '_Azonar_', 'body': 'The t shirt off the guy in the beginning says Last Shelter, Iâ€™m gonna guess itâ€™s that', 'score': 45, 'created_utc': 1589986301.0, 'replies': []}, {'id': 'fr9j4zb', 'parent_id': 'fr8tdin', 'author': 'None', 'body': ""He's lying. The game is Last Shelter and it's nothing like he explained."", 'score': 19, 'created_utc': 1589998482.0, 'replies': [{'id': 'fr9nt1c', 'parent_id': 'fr9j4zb', 'author': 'TheBGamer12', 'body': 'He talking about other game dude', 'score': 48, 'created_utc': 1590000710.0, 'replies': []}]}]}, {'id': 'fr8uxhh', 'parent_id': 'fr8s5rl', 'author': 'IAMMEYES', 'body': 'Yes please ask your friend what the name it is! That sounds like an awesome game!', 'score': 11, 'created_utc': 1589986754.0, 'replies': []}]",My friend likes to play...,fr8ohyy
fr8tdin,fr8s5rl,LeGoatMaster,tell us the name later,46,1589985943.0,"[{'id': 'fr8u1us', 'parent_id': 'fr8tdin', 'author': '_Azonar_', 'body': 'The t shirt off the guy in the beginning says Last Shelter, Iâ€™m gonna guess itâ€™s that', 'score': 45, 'created_utc': 1589986301.0, 'replies': []}, {'id': 'fr9j4zb', 'parent_id': 'fr8tdin', 'author': 'None', 'body': ""He's lying. The game is Last Shelter and it's nothing like he explained."", 'score': 19, 'created_utc': 1589998482.0, 'replies': [{'id': 'fr9nt1c', 'parent_id': 'fr9j4zb', 'author': 'TheBGamer12', 'body': 'He talking about other game dude', 'score': 48, 'created_utc': 1590000710.0, 'replies': []}]}]",tell us the name later,fr8s5rl
fr8u1us,fr8tdin,_Azonar_,"The t shirt off the guy in the beginning says Last Shelter, Iâ€™m gonna guess itâ€™s that",45,1589986301.0,[],The t shirt off the...,fr8tdin
fr9j4zb,fr8tdin,None,He's lying. The game is Last Shelter and it's nothing like he explained.,19,1589998482.0,"[{'id': 'fr9nt1c', 'parent_id': 'fr9j4zb', 'author': 'TheBGamer12', 'body': 'He talking about other game dude', 'score': 48, 'created_utc': 1590000710.0, 'replies': []}]",He's lying. The game is...,fr8tdin
fr9nt1c,fr9j4zb,TheBGamer12,He talking about other game dude,48,1590000710.0,[],He talking about other game...,fr9j4zb
fr8uxhh,fr8s5rl,IAMMEYES,Yes please ask your friend what the name it is! That sounds like an awesome game!,11,1589986754.0,[],Yes please ask your friend...,fr8s5rl
fr9xn86,fr8n0zl,solemnbiscuit,Where did the lighter fluid come from?,5,1590005326.0,[],Where did the lighter fluid...,fr8n0zl
fra2v00,fr8n0zl,sPicycAtguAcomOle,Water,5,1590007808.0,[],Water,fr8n0zl
frd6rwv,fr8n0zl,mobzillah,Who said they were zombies,1,1590084640.0,[],Who said they were zombies,fr8n0zl
fr8pglj,fr8ms38,pinkpanzer101,His anus.,25,1589983812.0,[],His anus.,fr8ms38
i3pmoub,fr8ms38,None,him imventory,1,1649297767.0,[],him imventory,fr8ms38
fr8rrru,fr8ic6u,None,Why did he take off his clothes,36,1589985089.0,"[{'id': 'fr9ar6d', 'parent_id': 'fr8rrru', 'author': 'HellfireEmpire21', 'body': 'To keep himself from sweating I guess. Who knows? He may have done it increase his chances of randomly popping four city blocks out of his ass.', 'score': 66, 'created_utc': 1589994490.0, 'replies': []}, {'id': 'fr9c2u1', 'parent_id': 'fr8rrru', 'author': 'Fletcher-Cat', 'body': 'He was overheating/dehydrated', 'score': 11, 'created_utc': 1589995114.0, 'replies': []}]",Why did he take off...,fr8ic6u
fr9ar6d,fr8rrru,HellfireEmpire21,To keep himself from sweating I guess. Who knows? He may have done it increase his chances of randomly popping four city blocks out of his ass.,66,1589994490.0,[],To keep himself from sweating...,fr8rrru
fr9c2u1,fr8rrru,Fletcher-Cat,He was overheating/dehydrated,11,1589995114.0,[],He was overheating/dehydrated,fr8rrru
frbf6v3,fr8ic6u,DerRommelndeErwin,Out of is Ass like the truck,4,1590040755.0,[],Out of is Ass like...,fr8ic6u
frh4txg,fr8ic6u,ParallelGalaxiies,the ocean with the zombies,2,1590173574.0,[],the ocean with the zombies,fr8ic6u
hpfyzgc,fr8ic6u,None,"he chopped down a few palm trees so he had enough tools to craft a city, more land, and sentient life",2,1640105769.0,[],he chopped down a few...,fr8ic6u
hrf4gom,fr8ic6u,None,Itâ€™s trans power. Self fuck,1,1641424452.0,[],Itâ€™s trans power. Self fuck,fr8ic6u
j4zikfq,fr8ic6u,notstrangeXvX,He gave birth to them,1,1674123007.0,[],He gave birth to them,fr8ic6u
fr8i60u,,matej926,shit went from 0 to 100 real quick,1954,1589979396.0,"[{'id': 'fr928ru', 'parent_id': 'fr8i60u', 'author': 'None', 'body': 'So did his health when he drank that coconut', 'score': 598, 'created_utc': 1589990419.0, 'replies': [{'id': 'fr9is1v', 'parent_id': 'fr928ru', 'author': 'Mowglli', 'body': 'cocaine-onut', 'score': 159, 'created_utc': 1589998310.0, 'replies': [{'id': 'fra13vg', 'parent_id': 'fr9is1v', 'author': 'liltrigger', 'body': 'This is deep.', 'score': 41, 'created_utc': 1590006978.0, 'replies': []}]}]}, {'id': 'fra22fv', 'parent_id': 'fr8i60u', 'author': 'JustAGuy1336', 'body': 'Funny thing is that brown coconuts actually dehydrate you in the long term', 'score': 39, 'created_utc': 1590007426.0, 'replies': []}, {'id': 'fr9qcb6', 'parent_id': 'fr8i60u', 'author': 'None', 'body': 'Shit went from 0 to 100 to over 9000', 'score': 60, 'created_utc': 1590001945.0, 'replies': [{'id': 'fr9tr2y', 'parent_id': 'fr9qcb6', 'author': 'KeithLaKulit', 'body': 'now thats a joke i havent heard used unironically in a long long time', 'score': 35, 'created_utc': 1590003531.0, 'replies': []}]}, {'id': 'frb46fs', 'parent_id': 'fr8i60u', 'author': 'MassStupidity', 'body': 'Nah shit changed velocity from -20 to 10000 to an instant teleport to wacky land. 0 to 100 doesnâ€™t show the whiplash', 'score': 9, 'created_utc': 1590032374.0, 'replies': [{'id': 'khvmtnk', 'parent_id': 'frb46fs', 'author': 'Umpire_Effective', 'body': 'Yeah u got it', 'score': 1, 'created_utc': 1705271021.0, 'replies': []}]}, {'id': 'ibzewvf', 'parent_id': 'fr8i60u', 'author': 'piss_boy1I5PFLJ9E7C5', 'body': '0 to 100 to 1000', 'score': 3, 'created_utc': 1654961732.0, 'replies': []}]",shit went from 0 to...,
fr928ru,fr8i60u,None,So did his health when he drank that coconut,598,1589990419.0,"[{'id': 'fr9is1v', 'parent_id': 'fr928ru', 'author': 'Mowglli', 'body': 'cocaine-onut', 'score': 159, 'created_utc': 1589998310.0, 'replies': [{'id': 'fra13vg', 'parent_id': 'fr9is1v', 'author': 'liltrigger', 'body': 'This is deep.', 'score': 41, 'created_utc': 1590006978.0, 'replies': []}]}]",So did his health when...,fr8i60u
fr9is1v,fr928ru,Mowglli,cocaine-onut,159,1589998310.0,"[{'id': 'fra13vg', 'parent_id': 'fr9is1v', 'author': 'liltrigger', 'body': 'This is deep.', 'score': 41, 'created_utc': 1590006978.0, 'replies': []}]",cocaine-onut,fr928ru
fra13vg,fr9is1v,liltrigger,This is deep.,41,1590006978.0,[],This is deep.,fr9is1v
fra22fv,fr8i60u,JustAGuy1336,Funny thing is that brown coconuts actually dehydrate you in the long term,39,1590007426.0,[],Funny thing is that brown...,fr8i60u
fr9qcb6,fr8i60u,None,Shit went from 0 to 100 to over 9000,60,1590001945.0,"[{'id': 'fr9tr2y', 'parent_id': 'fr9qcb6', 'author': 'KeithLaKulit', 'body': 'now thats a joke i havent heard used unironically in a long long time', 'score': 35, 'created_utc': 1590003531.0, 'replies': []}]",Shit went from 0 to...,fr8i60u
fr9tr2y,fr9qcb6,KeithLaKulit,now thats a joke i havent heard used unironically in a long long time,35,1590003531.0,[],now thats a joke i...,fr9qcb6
frb46fs,fr8i60u,MassStupidity,Nah shit changed velocity from -20 to 10000 to an instant teleport to wacky land. 0 to 100 doesnâ€™t show the whiplash,9,1590032374.0,"[{'id': 'khvmtnk', 'parent_id': 'frb46fs', 'author': 'Umpire_Effective', 'body': 'Yeah u got it', 'score': 1, 'created_utc': 1705271021.0, 'replies': []}]",Nah shit changed velocity from...,fr8i60u
khvmtnk,frb46fs,Umpire_Effective,Yeah u got it,1,1705271021.0,[],Yeah u got it,frb46fs
ibzewvf,fr8i60u,piss_boy1I5PFLJ9E7C5,0 to 100 to 1000,3,1654961732.0,[],0 to 100 to 1000,fr8i60u
fr8mrd5,,PB_USLC,*Getting wood. Become metropolis*,675,1589982264.0,"[{'id': 'fr8pj6y', 'parent_id': 'fr8mrd5', 'author': 'Your_Name_is_Fuck', 'body': 'The two basic steps to survival', 'score': 175, 'created_utc': 1589983853.0, 'replies': [{'id': 'fra4fcg', 'parent_id': 'fr8pj6y', 'author': 'isaweasel', 'body': ""That and don't get voted out at tribal council\n\n*Outwit. Outplay. Outshit a cement truck*"", 'score': 44, 'created_utc': 1590008537.0, 'replies': []}]}, {'id': 'g1xr3lh', 'parent_id': 'fr8mrd5', 'author': 'keal7', 'body': '/r/RestOfTheFuckingOwl', 'score': 21, 'created_utc': 1597715254.0, 'replies': []}]",*Getting wood. Become metropolis*,
fr8pj6y,fr8mrd5,Your_Name_is_Fuck,The two basic steps to survival,175,1589983853.0,"[{'id': 'fra4fcg', 'parent_id': 'fr8pj6y', 'author': 'isaweasel', 'body': ""That and don't get voted out at tribal council\n\n*Outwit. Outplay. Outshit a cement truck*"", 'score': 44, 'created_utc': 1590008537.0, 'replies': []}]",The two basic steps to...,fr8mrd5
fra4fcg,fr8pj6y,isaweasel,"That and don't get voted out at tribal council

*Outwit. Outplay. Outshit a cement truck*",44,1590008537.0,[],That and don't get voted...,fr8pj6y
g1xr3lh,fr8mrd5,keal7,/r/RestOfTheFuckingOwl,21,1597715254.0,[],/r/RestOfTheFuckingOwl,fr8mrd5
fr8rhq7,,PleaseUpVoteMyMeme,"\>Be me

\>On a boat idk how

\>Thirst

\>Get on a stranded island

\>Consum coconut

\>Cut down 3 tress with my pocket battle axe

\>Build new york

\>Epic win",618,1589984936.0,"[{'id': 'fr9aep9', 'parent_id': 'fr8rhq7', 'author': 'lxiaoqi', 'body': 'this would make a great post lmao', 'score': 85, 'created_utc': 1589994325.0, 'replies': []}]",\>Be me \>On a boat...,
fr9aep9,fr8rhq7,lxiaoqi,this would make a great post lmao,85,1589994325.0,[],this would make a great...,fr8rhq7
fr8n4fc,,None,"I fucking died when he shat that truck, this is gold.",375,1589982472.0,"[{'id': 'fr97lej', 'parent_id': 'fr8n4fc', 'author': 'Mr_HPpavilion', 'body': ""Clearly that's how cars are made"", 'score': 58, 'created_utc': 1589993006.0, 'replies': [{'id': 'm2451g8', 'parent_id': 'fr97lej', 'author': 'Admiral_Asparagus', 'body': 'When a mommy car loves a daddy car very muchâ€¦', 'score': 1, 'created_utc': 1734232069.0, 'replies': []}]}]",I fucking died when he...,
fr97lej,fr8n4fc,Mr_HPpavilion,Clearly that's how cars are made,58,1589993006.0,"[{'id': 'm2451g8', 'parent_id': 'fr97lej', 'author': 'Admiral_Asparagus', 'body': 'When a mommy car loves a daddy car very muchâ€¦', 'score': 1, 'created_utc': 1734232069.0, 'replies': []}]",Clearly that's how cars are...,fr8n4fc
m2451g8,fr97lej,Admiral_Asparagus,When a mommy car loves a daddy car very muchâ€¦,1,1734232069.0,[],When a mommy car loves...,fr97lej
fr8nmcp,,JimmiJonJones,"*chops down three trees

*Builds a fucking dump truck",251,1589982760.0,"[{'id': 'fr8zf7m', 'parent_id': 'fr8nmcp', 'author': 'Sapphire_Phoenix_21', 'body': 'What, you telling me you canâ€™t build functioning dump trucks that create sand from nothing out of wood?', 'score': 66, 'created_utc': 1589989037.0, 'replies': []}]",*chops down three trees *Builds...,
fr8zf7m,fr8nmcp,Sapphire_Phoenix_21,"What, you telling me you canâ€™t build functioning dump trucks that create sand from nothing out of wood?",66,1589989037.0,[],"What, you telling me you...",fr8nmcp
fr8pgge,,Fullmetal2391,â€œHeY rEdDiToR cAn YoU sTaY aLiVe iN tHiS zOmBiE wOrLd?â€,272,1589983810.0,"[{'id': 'fr8q11c', 'parent_id': 'fr8pgge', 'author': 'ExHax', 'body': 'ArE yOu sTuPiD?', 'score': 95, 'created_utc': 1589984130.0, 'replies': [{'id': 'fr9pq2t', 'parent_id': 'fr8q11c', 'author': 'kingosanopp', 'body': 'IÌ¸ sÌ¸oÌ¸lÌ¸dÌ¸ mÌ¸yÌ¸ sÌ¸oÌ¸uÌ¸lÌ¸ tÌ¸oÌ¸ rÌ¸eÌ¸qÌ¸cÌ¸hÌ¸ pÌ¸iÌ¸nÌ¸kÌ¸ cÌ¸oÌ¸lÌ¸oÌ¸uÌ¸rÌ¸', 'score': 43, 'created_utc': 1590001641.0, 'replies': []}, {'id': 'le8ojbr', 'parent_id': 'fr8q11c', 'author': 'WeebKarma', 'body': 'r/arkham makes these ads apparently', 'score': 2, 'created_utc': 1721576934.0, 'replies': []}]}, {'id': 'frc0lwp', 'parent_id': 'fr8pgge', 'author': 'Doglatine', 'body': 'Thatâ€™s such an annoying ad. I hate those games, stop fucking showing me that bullshit. Iâ€™ve tried reporting it but they still show me a torrent of cheap pathetic zombie gun porn games.', 'score': 14, 'created_utc': 1590061447.0, 'replies': []}]",â€œHeY rEdDiToR cAn YoU sTaY...,
fr8q11c,fr8pgge,ExHax,ArE yOu sTuPiD?,95,1589984130.0,"[{'id': 'fr9pq2t', 'parent_id': 'fr8q11c', 'author': 'kingosanopp', 'body': 'IÌ¸ sÌ¸oÌ¸lÌ¸dÌ¸ mÌ¸yÌ¸ sÌ¸oÌ¸uÌ¸lÌ¸ tÌ¸oÌ¸ rÌ¸eÌ¸qÌ¸cÌ¸hÌ¸ pÌ¸iÌ¸nÌ¸kÌ¸ cÌ¸oÌ¸lÌ¸oÌ¸uÌ¸rÌ¸', 'score': 43, 'created_utc': 1590001641.0, 'replies': []}, {'id': 'le8ojbr', 'parent_id': 'fr8q11c', 'author': 'WeebKarma', 'body': 'r/arkham makes these ads apparently', 'score': 2, 'created_utc': 1721576934.0, 'replies': []}]",ArE yOu sTuPiD?,fr8pgge
fr9pq2t,fr8q11c,kingosanopp,IÌ¸ sÌ¸oÌ¸lÌ¸dÌ¸ mÌ¸yÌ¸ sÌ¸oÌ¸uÌ¸lÌ¸ tÌ¸oÌ¸ rÌ¸eÌ¸qÌ¸cÌ¸hÌ¸ pÌ¸iÌ¸nÌ¸kÌ¸ cÌ¸oÌ¸lÌ¸oÌ¸uÌ¸rÌ¸,43,1590001641.0,[],IÌ¸ sÌ¸oÌ¸lÌ¸dÌ¸ mÌ¸yÌ¸ sÌ¸oÌ¸uÌ¸lÌ¸ tÌ¸oÌ¸...,fr8q11c
le8ojbr,fr8q11c,WeebKarma,r/arkham makes these ads apparently,2,1721576934.0,[],r/arkham makes these ads apparently,fr8q11c
frc0lwp,fr8pgge,Doglatine,"Thatâ€™s such an annoying ad. I hate those games, stop fucking showing me that bullshit. Iâ€™ve tried reporting it but they still show me a torrent of cheap pathetic zombie gun porn games.",14,1590061447.0,[],Thatâ€™s such an annoying ad....,fr8pgge
fr8ov4y,,CptDumbass66,Animal Crossing took a grittier turn than I expected.,117,1589983473.0,"[{'id': 'frvraps', 'parent_id': 'fr8ov4y', 'author': 'None', 'body': 'Yeah, this is literally New Horizons. Eat a coconut and you can lift entire trees.', 'score': 13, 'created_utc': 1590508923.0, 'replies': []}]",Animal Crossing took a grittier...,
frvraps,fr8ov4y,None,"Yeah, this is literally New Horizons. Eat a coconut and you can lift entire trees.",13,1590508923.0,[],"Yeah, this is literally New...",fr8ov4y
fr8q2fl,,Equis27,In second 32 there is a dude t-posing,113,1589984151.0,"[{'id': 'fr90k3g', 'parent_id': 'fr8q2fl', 'author': 'GooGoo-Barabajagal', 'body': 'Lol then right before the scene ends the guy next to him does it too', 'score': 38, 'created_utc': 1589989598.0, 'replies': [{'id': 'fr90mzx', 'parent_id': 'fr90k3g', 'author': 'Equis27', 'body': 'I just realized that too', 'score': 10, 'created_utc': 1589989638.0, 'replies': []}]}, {'id': 'fr94g6i', 'parent_id': 'fr8q2fl', 'author': 'supersoldier4588', 'body': 'Oh this ad is gold.', 'score': 16, 'created_utc': 1589991498.0, 'replies': []}]",In second 32 there is...,
fr90k3g,fr8q2fl,GooGoo-Barabajagal,Lol then right before the scene ends the guy next to him does it too,38,1589989598.0,"[{'id': 'fr90mzx', 'parent_id': 'fr90k3g', 'author': 'Equis27', 'body': 'I just realized that too', 'score': 10, 'created_utc': 1589989638.0, 'replies': []}]",Lol then right before the...,fr8q2fl
fr90mzx,fr90k3g,Equis27,I just realized that too,10,1589989638.0,[],I just realized that too,fr90k3g
fr94g6i,fr8q2fl,supersoldier4588,Oh this ad is gold.,16,1589991498.0,[],Oh this ad is gold.,fr8q2fl
fr9ars7,,thekvant,"How to survive:

1. Drink a coconut

2. Cut down a few trees

3. Shit out a truck with cement

4. Build a modern city

5. Kill illegal immigrants",72,1589994497.0,"[{'id': 'fr9gu9t', 'parent_id': 'fr9ars7', 'author': 'RobRob64', 'body': ' 0 Take shirt off', 'score': 26, 'created_utc': 1589997368.0, 'replies': []}]",How to survive: 1. Drink...,
fr9gu9t,fr9ars7,RobRob64, 0 Take shirt off,26,1589997368.0,[],0 Take shirt off,fr9ars7
fr8qgrc,,laurx64,When he took his shirt off and it zoomed in sensually like a porn lmao,55,1589984373.0,[],When he took his shirt...,
fr8qoak,,someguylol5,Seemed like a fun low budget survival game until he got the truck,49,1589984489.0,"[{'id': 'fr99zk6', 'parent_id': 'fr8qoak', 'author': 'None', 'body': 'Build your city!', 'score': 2, 'created_utc': 1589994120.0, 'replies': [{'id': 'fr9a64e', 'parent_id': 'fr99zk6', 'author': 'someguylol5', 'body': 'And gather your bretheren and slaughter the unholy hordes of demons in the name of the all mighty god', 'score': 8, 'created_utc': 1589994209.0, 'replies': []}]}]",Seemed like a fun low...,
fr99zk6,fr8qoak,None,Build your city!,2,1589994120.0,"[{'id': 'fr9a64e', 'parent_id': 'fr99zk6', 'author': 'someguylol5', 'body': 'And gather your bretheren and slaughter the unholy hordes of demons in the name of the all mighty god', 'score': 8, 'created_utc': 1589994209.0, 'replies': []}]",Build your city!,fr8qoak
fr9a64e,fr99zk6,someguylol5,And gather your bretheren and slaughter the unholy hordes of demons in the name of the all mighty god,8,1589994209.0,[],And gather your bretheren and...,fr99zk6
fr8tbl1,,AgitatedResearch,And they say Rome wasnâ€™t built in one day,44,1589985916.0,[],And they say Rome wasnâ€™t...,
fr8njeg,,None,"even if you could build everything here out of wood, I never saw that many trees on the island",35,1589982712.0,[],even if you could build...,
fr8no9q,,comrade_Gabriel,Real gameplay footage,35,1589982791.0,[],Real gameplay footage,
fr8qwwf,,EtienneToonen,"Bruh, why didn't he just spawn a yacht with a 5 star restaurant. Dum dum.",34,1589984621.0,"[{'id': 'frh53vj', 'parent_id': 'fr8qwwf', 'author': 'ParallelGalaxiies', 'body': 'because he can only shit out so much', 'score': 6, 'created_utc': 1590173712.0, 'replies': []}]","Bruh, why didn't he just...",
frh53vj,fr8qwwf,ParallelGalaxiies,because he can only shit out so much,6,1590173712.0,[],because he can only shit...,fr8qwwf
fr8xq1o,,None,"The first steps towards surviving on a foreign island in the middle of the ocean:

* Ensure fluid intake
* Ensure shelter
* Stay warm
* Cement carrier",33,1589988191.0,[],The first steps towards surviving...,
fr96gbu,,Centurion_Tiger,"The only thing realistic about this ad is that he drank sea water and got more thirsty

Dont drink sea water kids",26,1589992461.0,[],The only thing realistic about...,
fr8mzmw,,revrec33,Well that escalated quickly...,22,1589982394.0,[],Well that escalated quickly...,
fr8qe8u,,scrueggs,This looks like the direct to DVD sequel of Cast Away.,13,1589984334.0,"[{'id': 'fr8san2', 'parent_id': 'fr8qe8u', 'author': 'whynaut4', 'body': 'In the sequel, Wilson comes back as a zombie', 'score': 11, 'created_utc': 1589985373.0, 'replies': []}]",This looks like the direct...,
fr8san2,fr8qe8u,whynaut4,"In the sequel, Wilson comes back as a zombie",11,1589985373.0,[],"In the sequel, Wilson comes...",fr8qe8u
fr8todc,,culturerush,Loved the T pose on the shooter on the right at the end there,14,1589986105.0,[],Loved the T pose on...,
fr8vgcw,,Finnedsolid,And I thought GTA was unrealistic with the protagonists pockets...,9,1589987027.0,[],And I thought GTA was...,
fr90j4x,,averageboiman,Approaching the israeli border wall be like,10,1589989585.0,[],Approaching the israeli border wall...,
fr9fq50,,Your_Name_is_Fuck,"I love when I'm absolutely exhausted, on the brisk of dying, barely being able to stand up as I try to stay alive on a raft, arriving at an island hoping I might just survive and then eating one coconut and being absolutely fine",9,1589996831.0,[],I love when I'm absolutely...,
fr9ln4i,,NavyBlue777,I like how one of the first things the guy did when finding land was destroying his only source of food,7,1589999673.0,[],I like how one of...,
fr8yl0x,,Dakota_1547,That coconut was loaded with hallucinogens.,8,1589988622.0,[],That coconut was loaded with...,
fr96h0y,,AngusBoomPants,The random zombie invasion is what makes this just perfect itâ€™s the cherry on top,9,1589992470.0,[],The random zombie invasion is...,
fra04te,,Polish_Assasin,"Oh my god, why didnâ€™t Tom Hanks just pull out his Concrete mixer in castaway?!",8,1590006495.0,[],"Oh my god, why didnâ€™t...",
fr9gass,,EnviousDemon,Are we just not going to ask why he took his clothes off?,7,1589997106.0,[],Are we just not going...,
fr8tabr,,None,"Ah yes, the "" almost die then swim on an island and chop woods and build a city and save a bunch of people and defend the city form a swarm of zombies""  ad",6,1589985899.0,[],"Ah yes, the "" almost...",
fr947ob,,supersoldier4588,# Suddenly Truck,6,1589991383.0,[],# Suddenly Truck,
fraaf8g,,None,It's just so rediculous. Is there a sub for good mobile games?,6,1590014968.0,[],It's just so rediculous. Is...,
fraeolc,,The_Edward_Thatch,"**Surviving in the Wild**

Step 1: *Remove your T-shirt and throw it away.*",6,1590017671.0,[],**Surviving in the Wild** Step...,
fram6un,,Slurpy_Slurp17,The dude on the right that was shooting rockets started T-posing at the end,6,1590021866.0,[],The dude on the right...,
fr8pa1t,,goodfisher88,Wow what a roller coaster.,5,1589983709.0,[],Wow what a roller coaster.,
fr9frsd,,D00NL,"I was thinking ""oh, this isn't too bad."" And then there came a cement truck.",5,1589996853.0,"[{'id': 'fr9syir', 'parent_id': 'fr9frsd', 'author': 'AlkalineBriton', 'body': 'Thatâ€™s also when I realized how amazing it was.', 'score': 3, 'created_utc': 1590003161.0, 'replies': []}]","I was thinking ""oh, this...",
fr9syir,fr9frsd,AlkalineBriton,Thatâ€™s also when I realized how amazing it was.,3,1590003161.0,[],Thatâ€™s also when I realized...,fr9frsd
fr9ocd8,,None,This reminds me of that spongebob episode where sandy created a whole village including a generator and a helicopter out of just wood in the forest,5,1590000965.0,[],This reminds me of that...,
fr9uevv,,apex6666,Dumbass created a city  everyone knows zombies imeadialy go to cityâ€™s,4,1590003841.0,[],Dumbass created a city everyone...,
fr90vwg,,P0tyri,"Why's he cutting down all the trees, they're his only sorce of foOH MY GOD WHERE DID THAT COME FROM",3,1589989760.0,[],Why's he cutting down all...,
fr933ru,,shutup_rob,iâ€™ve been looking for this for so long and i now just happen to scroll by this in my feed. thank you,3,1589990843.0,[],iâ€™ve been looking for this...,
fr9ktkd,,Agustin006,If you look closely at the final seconds you can see the soldiers t-posing.,3,1589999282.0,[],If you look closely at...,
frapti7,,evil_screwdriver,This went from Castaway to World War Z in 10 seconds what the fuck,3,1590023890.0,[],This went from Castaway to...,
frasmae,,quietARTILLERY,Itâ€™s that fucking zombie game. So bad,3,1590025460.0,[],Itâ€™s that fucking zombie game....,
k04ivtv,,Nintendo_Boi158,Someone please put the Home Depot theme over this.,3,1694447882.0,[],Someone please put the Home...,
fr8urkw,,tgn89,What magic is this ?,2,1589986670.0,[],What magic is this ?,
fr8vmff,,Pepekekmem,"Thatâ€™s definitely me when I see nature, I also get help from god as he gave me a land making truck!",2,1589987114.0,[],Thatâ€™s definitely me when I...,
fr8ya0v,,Endersgaming4066,This motherfucker pulled a full-fledged truck outta his back pocket,2,1589988467.0,[],This motherfucker pulled a full-fledged...,
fr90mui,,Owny33x,That's the trailer of the next Michael Bay movie.,2,1589989636.0,[],That's the trailer of the...,
fr95j1a,,Papaya_man321,I like how it started casually and then that guy just place cement truck and start building metropolis,2,1589992019.0,[],I like how it started...,
fr9ouzx,,DBacksbeatDodgers,That escalated quickly,2,1590001213.0,[],That escalated quickly,
fr9pvex,,Brayan_animal,How could he afford all that if he was stranded with no money,2,1590001714.0,[],How could he afford all...,
fr9qe4r,,Dabbing-jesus,this looks way too ridiculous to be true,2,1590001970.0,"[{'id': 'frapkot', 'parent_id': 'fr9qe4r', 'author': 'RDPCG', 'body': 'Pretty much how mobile game advertising works!', 'score': 3, 'created_utc': 1590023754.0, 'replies': []}]",this looks way too ridiculous...,
frapkot,fr9qe4r,RDPCG,Pretty much how mobile game advertising works!,3,1590023754.0,[],Pretty much how mobile game...,fr9qe4r
fra4fzh,,ItsAJackal21,Wait I thought I was supposed to pull a pin and lava will fall on him?,2,1590008546.0,[],Wait I thought I was...,
fra6pw9,,None,"Kind of reminds me of the music video for Handlebars by Flobots, the way it shows the city gradually develop then everyone gets killed at the end",2,1590011705.0,[],Kind of reminds me of...,
frabd95,,TheLetsgogamerYT,"So lemme get this straight
Heâ€™s almost dead but he drinks a coconut and becomes god by spawning anything he wants?",2,1590015662.0,[],So lemme get this straight...,
fravg09,,TechWhen,Everyone is too focused on the dump truck rather than it's infinite dirt coming from heaven. Wtf?,2,1590027071.0,[],Everyone is too focused on...,
gbsbezd,,None,HE PULLED AN ENTIRE CEMENT TRUCK OUT OF HIS ASS LMFAO,2,1604974172.0,[],HE PULLED AN ENTIRE CEMENT...,
jj2xfcn,,Guide_Beneficial,Bro skipped step 5-922 cause the player used the credit card xd,2,1683375991.0,[],Bro skipped step 5-922 cause...,
jzv9fdn,,Glocos10,that escalated quickly,2,1694294026.0,[],that escalated quickly,
fr8xe4m,,None,Lmao at the end you can see the soldiers t posing,1,1589988024.0,[],Lmao at the end you...,
fr8xjsg,,None,This is the best thing I have ever seen.,1,1589988103.0,[],This is the best thing...,
fr92ppp,,Tactical_Egg,u/vredditdownloader,1,1589990651.0,"[{'id': 'fr92rkh', 'parent_id': 'fr92ppp', 'author': 'VredditDownloader', 'body': ""*beep. boop.* I'm a bot that provides downloadable links for v.redd.it videos!\n\n* [**Download** via https://reddit.tube](https://reddit.tube/d/P3Rl6zd)\n\n\n\nI also work with links sent by PM\n\n[Download more videos from r/shittymobilegameads](https://www.reddit.tube/category/shittymobilegameads)\n\n ***  \n[**Info**](https://old.reddit.com/user/VredditDownloader/comments/cju1dg/info/)&#32;|&#32;[**Support&#32;me&#32;â¤**](https://www.paypal.me/synapsensalat)&#32;|&#32;[**Github**](https://github.com/JohannesPertl/vreddit-downloader)"", 'score': 1, 'created_utc': 1589990676.0, 'replies': []}]",u/vredditdownloader,
fr92rkh,fr92ppp,VredditDownloader,"*beep. boop.* I'm a bot that provides downloadable links for v.redd.it videos!

* [**Download** via https://reddit.tube](https://reddit.tube/d/P3Rl6zd)



I also work with links sent by PM

[Download more videos from r/shittymobilegameads](https://www.reddit.tube/category/shittymobilegameads)

 ***  
[**Info**](https://old.reddit.com/user/VredditDownloader/comments/cju1dg/info/)&#32;|&#32;[**Support&#32;me&#32;â¤**](https://www.paypal.me/synapsensalat)&#32;|&#32;[**Github**](https://github.com/JohannesPertl/vreddit-downloader)",1,1589990676.0,[],*beep. boop.* I'm a bot...,fr92ppp
fr93r22,,TheHaip,That's how geology works.,1,1589991159.0,[],That's how geology works.,
fr97jro,,ApeTornadoToaster,What in mcfuckity shittits is this? How did he get a truck with infinite soil? Made from cocnuts?,1,1589992984.0,"[{'id': 'frapgq6', 'parent_id': 'fr97jro', 'author': 'RDPCG', 'body': 'Woah, cocnuts? What kind of game do you think this is?', 'score': 1, 'created_utc': 1590023691.0, 'replies': []}]",What in mcfuckity shittits is...,
frapgq6,fr97jro,RDPCG,"Woah, cocnuts? What kind of game do you think this is?",1,1590023691.0,[],"Woah, cocnuts? What kind of...",fr97jro
fr989np,,None,I swear this was made on somethin like roblox,1,1589993320.0,[],I swear this was made...,
fr99vbv,,None,"â€œWhy are you stranded on a island, just build a dump truck and add more land till u reach America stupidâ€",1,1589994063.0,[],â€œWhy are you stranded on...,
fr99xkz,,Jaracuda,I love watching these ads. Absolute hilarity and it gets the creators money that i actually care about.,1,1589994093.0,[],I love watching these ads....,
fr9am8l,,ILikeAntiquesOkay,SO fucking tired of seeing these mobile game ads. This one at the Choices game ads make me irate. Iâ€™ve blocked them so many times for spam and they keep reincarnating.,1,1589994424.0,[],SO fucking tired of seeing...,
fr9gugb,,DepravedWalnut,u/vredditdownloader,1,1589997370.0,"[{'id': 'fr9gzfc', 'parent_id': 'fr9gugb', 'author': 'VredditDownloader', 'body': ""*beep. boop.* I'm a bot that provides downloadable links for v.redd.it videos!\n\n* [**Download** via https://reddit.tube](https://reddit.tube/d/P3Rl6zd)\n\n\n\nI also work with links sent by PM\n\n[Download more videos from r/shittymobilegameads](https://www.reddit.tube/category/shittymobilegameads)\n\n ***  \n[**Info**](https://old.reddit.com/user/VredditDownloader/comments/cju1dg/info/)&#32;|&#32;[**Support&#32;me&#32;â¤**](https://www.paypal.me/synapsensalat)&#32;|&#32;[**Github**](https://github.com/JohannesPertl/vreddit-downloader)"", 'score': 1, 'created_utc': 1589997437.0, 'replies': []}]",u/vredditdownloader,
fr9gzfc,fr9gugb,VredditDownloader,"*beep. boop.* I'm a bot that provides downloadable links for v.redd.it videos!

* [**Download** via https://reddit.tube](https://reddit.tube/d/P3Rl6zd)



I also work with links sent by PM

[Download more videos from r/shittymobilegameads](https://www.reddit.tube/category/shittymobilegameads)

 ***  
[**Info**](https://old.reddit.com/user/VredditDownloader/comments/cju1dg/info/)&#32;|&#32;[**Support&#32;me&#32;â¤**](https://www.paypal.me/synapsensalat)&#32;|&#32;[**Github**](https://github.com/JohannesPertl/vreddit-downloader)",1,1589997437.0,[],*beep. boop.* I'm a bot...,fr9gugb
fr9lcrk,,Jojje94,Zombies. Why's it always gotta be zombies.,1,1589999534.0,[],Zombies. Why's it always gotta...,
fr9mids,,AverageBubble,Still better than Battle for Los Angeles,1,1590000090.0,[],Still better than Battle for...,
fr9n7u9,,wutadamyt,Here's the true story. Of four friends picked to live in a video game. And find out what happens when they stop being themselves. And start being someone else. Animal Crossing! For Nintendo GameCube!,1,1590000431.0,[],Here's the true story. Of...,
fr9na08,,bbbbwwwwbbbb,"If this game was actually real, I would play it.",1,1590000460.0,[],If this game was actually...,
fr9ns33,,ToxicityIncarnate,u/vredditdownloader,1,1590000698.0,"[{'id': 'fr9nvl8', 'parent_id': 'fr9ns33', 'author': 'VredditDownloader', 'body': ""*beep. boop.* I'm a bot that provides downloadable links for v.redd.it videos!\n\n* [**Download** via https://reddit.tube](https://reddit.tube/d/P3Rl6zd)\n\n\n\nI also work with links sent by PM\n\n[Download more videos from r/shittymobilegameads](https://www.reddit.tube/category/shittymobilegameads)\n\n ***  \n[**Info**](https://old.reddit.com/user/VredditDownloader/comments/cju1dg/info/)&#32;|&#32;[**Support&#32;me&#32;â¤**](https://www.paypal.me/synapsensalat)&#32;|&#32;[**Github**](https://github.com/JohannesPertl/vreddit-downloader)"", 'score': 1, 'created_utc': 1590000744.0, 'replies': []}]",u/vredditdownloader,
fr9nvl8,fr9ns33,VredditDownloader,"*beep. boop.* I'm a bot that provides downloadable links for v.redd.it videos!

* [**Download** via https://reddit.tube](https://reddit.tube/d/P3Rl6zd)



I also work with links sent by PM

[Download more videos from r/shittymobilegameads](https://www.reddit.tube/category/shittymobilegameads)

 ***  
[**Info**](https://old.reddit.com/user/VredditDownloader/comments/cju1dg/info/)&#32;|&#32;[**Support&#32;me&#32;â¤**](https://www.paypal.me/synapsensalat)&#32;|&#32;[**Github**](https://github.com/JohannesPertl/vreddit-downloader)",1,1590000744.0,[],*beep. boop.* I'm a bot...,fr9ns33
fr9se0a,,Jannes101,That's how maffia works,1,1590002901.0,[],That's how maffia works,
fr9tb3n,,Flareragnarok,Thats how Mafia works!,1,1590003323.0,[],Thats how Mafia works!,
fr9um7a,,None,What a twist!,1,1590003937.0,[],What a twist!,
fr9v64c,,howellq,"And you recorded that from another video player, not even an actual ad. Nice.",1,1590004191.0,[],And you recorded that from...,
fr9z829,,fat_drunk_and_sassy,I would play this tbh,1,1590006059.0,[],I would play this tbh,
fra2p3t,,Ninibah,Looks awesome!,1,1590007728.0,[],Looks awesome!,
fra52e9,,None,Why is this like 2 different ads mashed together,1,1590008841.0,[],Why is this like 2...,
fra8xlh,,Ice-XB,"guys, don't make fun of the land appearing out of nowhere, he's just dutch",1,1590013783.0,[],"guys, don't make fun of...",
frax03e,,None,Do you have a link to this game on Google Play?,1,1590027986.0,[],Do you have a link...,
frayugp,,None,"I mean. I just donâ€™t know, one minute the guy rips his shirt off, he nearly dies and drinks coconut water. Next thing you know heâ€™s got this mega cement truck thing, builds a city and blam itâ€™s zombie warfare and Iâ€™m confused and donâ€™t know where I am anymore. 

I drink coconut water and none of this happened. Am I drinking the wrong coconut water?",1,1590029065.0,"[{'id': 'fydc7mw', 'parent_id': 'frayugp', 'author': 'JustASimpleCubesmith', 'body': 'Misconception, it was cactus juice, not coconut water.', 'score': 2, 'created_utc': 1595001246.0, 'replies': [{'id': 'fyfv74x', 'parent_id': 'fydc7mw', 'author': 'None', 'body': 'This explains a lot. :p', 'score': 1, 'created_utc': 1595053422.0, 'replies': []}]}]",I mean. I just donâ€™t...,
fydc7mw,frayugp,JustASimpleCubesmith,"Misconception, it was cactus juice, not coconut water.",2,1595001246.0,"[{'id': 'fyfv74x', 'parent_id': 'fydc7mw', 'author': 'None', 'body': 'This explains a lot. :p', 'score': 1, 'created_utc': 1595053422.0, 'replies': []}]","Misconception, it was cactus juice,...",frayugp
fyfv74x,fydc7mw,None,This explains a lot. :p,1,1595053422.0,[],This explains a lot. :p,fydc7mw
frb0fa6,,BocoCorwin,"Coconuts.


Every fucking time",1,1590030008.0,[],Coconuts. Every fucking time,
frb6s04,,aliceroyal,The new animal crossing looks legit,1,1590034186.0,[],The new animal crossing looks...,
frbb23m,,garebeardrew,They had us in the first half not gonna lie,1,1590037317.0,[],They had us in the...,
frbc280,,Kulgia,That guy is basically AoE2's villager. One villager can start a whole civilization.,1,1590038094.0,[],That guy is basically AoE2's...,
frbc8cb,,BreezyWrigley,I like how he's building manhattan but still doesn't have shoes or pants,1,1590038229.0,[],I like how he's building...,
frbf0pb,,Atomiic1,That escalated,1,1590040598.0,[],That escalated,
frbg29h,,dubiousandbi,Why was he dying so fucking fast,1,1590041540.0,[],Why was he dying so...,
frblxn2,,mum-pick-me-up,Damn stranded deep 2 lookin kinda fresh doe,1,1590047038.0,[],Damn stranded deep 2 lookin...,
frbol6g,,NitroPenguin56,"Just everyday shit: almost dying, chopping down 3 trees, building a cementruck with sand (?) in it. Then building an entire city including a military that can manufacture rockets and rocket launchers.",1,1590049652.0,[],"Just everyday shit: almost dying,...",
frbqo7i,,111v1111,This is What happens when You buy all ingame purchases,1,1590051760.0,[],This is What happens when...,
frbqyez,,mat383,Coconut do wonders,1,1590052055.0,[],Coconut do wonders,
frbr2yu,,der_Wuestenfuchs,The guys shooting at the end even go back to default T-posing position after they're done!,1,1590052185.0,[],The guys shooting at the...,
frbrr1x,,emmanuelol26,"step 1 : wood
step 2 : give birth to dump truck
step 3 : build the entire city of NY
im surprised bear grylls hasnt taught this one simple trick doctors hate for survival",1,1590052868.0,[],step 1 : wood step...,
frbuaw6,,Pizzamaaaann,u/vredditdownloader,1,1590055533.0,"[{'id': 'frbubcl', 'parent_id': 'frbuaw6', 'author': 'VredditDownloader', 'body': ""*beep. boop.* I'm a bot that provides downloadable links for v.redd.it videos!\n\n* [**Download** via https://reddit.tube](https://reddit.tube/d/P3Rl6zd)\n\n\n\nI also work with links sent by PM\n\n[Download more videos from r/shittymobilegameads](https://www.reddit.tube/category/shittymobilegameads)\n\n ***  \n[**Info**](https://old.reddit.com/user/VredditDownloader/comments/cju1dg/info/)&#32;|&#32;[**Support&#32;me&#32;â¤**](https://www.paypal.me/synapsensalat)&#32;|&#32;[**Github**](https://github.com/JohannesPertl/vreddit-downloader)"", 'score': 1, 'created_utc': 1590055546.0, 'replies': []}]",u/vredditdownloader,
frbubcl,frbuaw6,VredditDownloader,"*beep. boop.* I'm a bot that provides downloadable links for v.redd.it videos!

* [**Download** via https://reddit.tube](https://reddit.tube/d/P3Rl6zd)



I also work with links sent by PM

[Download more videos from r/shittymobilegameads](https://www.reddit.tube/category/shittymobilegameads)

 ***  
[**Info**](https://old.reddit.com/user/VredditDownloader/comments/cju1dg/info/)&#32;|&#32;[**Support&#32;me&#32;â¤**](https://www.paypal.me/synapsensalat)&#32;|&#32;[**Github**](https://github.com/JohannesPertl/vreddit-downloader)",1,1590055546.0,[],*beep. boop.* I'm a bot...,frbuaw6
frbvj6k,,nakedwhiletypingthis,"Now I want a major game developer company to make a game about surviving on an island and being able to build huts and food supplies and stuff. And no, Minecraft is not good enough",1,1590056756.0,[],Now I want a major...,
frc0upt,,RedditIsAwful13,around the end military dude on the right starts t posing at the zombies,1,1590061653.0,[],around the end military dude...,
frc4dut,,Blottomatic,What.,1,1590064391.0,[],What.,
frdhxwy,,HelloGrandGuy,thats how mafia works,1,1590090210.0,[],thats how mafia works,
fre62me,,None,r/unexpected,1,1590102625.0,[],r/unexpected,
frf227n,,x_wk,Me and the boys building society out of palm trees,1,1590122103.0,[],Me and the boys building...,
frxsak9,,Riftus,where did mans get the axe?????,1,1590546347.0,[],where did mans get the...,
fry140s,,crossflame00,I can't stop laughing help,1,1590551904.0,[],I can't stop laughing help,
fs0e3tv,,None,Where did you get this shot of my life,1,1590608060.0,[],Where did you get this...,
fsb04nt,,yaiatatsisusguh,u/vredditdownloader,1,1590845940.0,"[{'id': 'fsb0jk8', 'parent_id': 'fsb04nt', 'author': 'VredditDownloader', 'body': ""*beep. boop.* ğŸ¤– I'm a bot that helps downloading videos!  \n##[Download](https://reddit.tube/d/P3Rl6zd)\n\nI also work with links sent by PM.\n\n[Download more videos from shittymobilegameads](https://www.reddit.tube/category/shittymobilegameads)\n\n ***  \n^[Info](https://np.reddit.com/user/VredditDownloader/comments/cju1dg/info/)&#32;|&#32;[Support&#32;me&#32;â¤](https://www.paypal.me/synapsensalat)&#32;|&#32;[Github](https://github.com/JohannesPertl/vreddit-downloader)"", 'score': 1, 'created_utc': 1590846218.0, 'replies': []}]",u/vredditdownloader,
fsb0jk8,fsb04nt,VredditDownloader,"*beep. boop.* ğŸ¤– I'm a bot that helps downloading videos!  
##[Download](https://reddit.tube/d/P3Rl6zd)

I also work with links sent by PM.

[Download more videos from shittymobilegameads](https://www.reddit.tube/category/shittymobilegameads)

 ***  
^[Info](https://np.reddit.com/user/VredditDownloader/comments/cju1dg/info/)&#32;|&#32;[Support&#32;me&#32;â¤](https://www.paypal.me/synapsensalat)&#32;|&#32;[Github](https://github.com/JohannesPertl/vreddit-downloader)",1,1590846218.0,[],*beep. boop.* ğŸ¤– I'm a...,fsb04nt
ft01p0l,,None,I love how he doesnâ€™t even pick up the coconut and suddenly he has a coconut drink,1,1591383203.0,[],I love how he doesnâ€™t...,
ftpogtw,,OCapitalista,Wtf was in that coconut?,1,1591894828.0,"[{'id': 'fuwfwr5', 'parent_id': 'ftpogtw', 'author': 'ByronicCommando', 'body': 'All.', 'score': 1, 'created_utc': 1592228904.0, 'replies': []}]",Wtf was in that coconut?,
fuwfwr5,ftpogtw,ByronicCommando,All.,1,1592228904.0,[],All.,ftpogtw
fumnnch,,lookaquellovero,u/vredditdownloader,1,1591989272.0,"[{'id': 'fumnuzi', 'parent_id': 'fumnnch', 'author': 'VredditDownloader', 'body': ""*beep. boop.* ğŸ¤– I'm a bot that helps downloading videos!  \n##[Download](https://reddit.tube/d/P3Rl6zd)\n\nI also work with links sent by PM.\n\n[Download more videos from shittymobilegameads](https://www.reddit.tube/category/shittymobilegameads)\n\n ***  \n^[Info](https://np.reddit.com/user/VredditDownloader/comments/cju1dg/info/)&#32;|&#32;[Support&#32;me&#32;â¤](https://www.paypal.me/synapsensalat)&#32;|&#32;[Github](https://github.com/JohannesPertl/vreddit-downloader)"", 'score': 1, 'created_utc': 1591989380.0, 'replies': []}]",u/vredditdownloader,
fumnuzi,fumnnch,VredditDownloader,"*beep. boop.* ğŸ¤– I'm a bot that helps downloading videos!  
##[Download](https://reddit.tube/d/P3Rl6zd)

I also work with links sent by PM.

[Download more videos from shittymobilegameads](https://www.reddit.tube/category/shittymobilegameads)

 ***  
^[Info](https://np.reddit.com/user/VredditDownloader/comments/cju1dg/info/)&#32;|&#32;[Support&#32;me&#32;â¤](https://www.paypal.me/synapsensalat)&#32;|&#32;[Github](https://github.com/JohannesPertl/vreddit-downloader)",1,1591989380.0,[],*beep. boop.* ğŸ¤– I'm a...,fumnnch
fv3dl3u,,mr_yeet321,"Well how the zombies find the place
 same with the pepole brugh moment",1,1592370465.0,[],Well how the zombies find...,
fvdebj0,,PoniesPlayingPoker,u/VredditDownloader,1,1592597229.0,"[{'id': 'fvdena5', 'parent_id': 'fvdebj0', 'author': 'VredditDownloader', 'body': ""*beep. boop.* ğŸ¤– I'm a bot that helps downloading videos!  \n##[Download](https://reddit.tube/d/P3Rl6zd)\n\nI also work with links sent by PM.\n\n[Download more videos from shittymobilegameads](https://www.reddit.tube/category/shittymobilegameads)\n\n ***  \n^[Info](https://np.reddit.com/user/VredditDownloader/comments/cju1dg/info/)&#32;|&#32;[Support&#32;me&#32;â¤](https://www.paypal.me/synapsensalat)&#32;|&#32;[Github](https://github.com/JohannesPertl/vreddit-downloader)"", 'score': 1, 'created_utc': 1592597389.0, 'replies': []}]",u/VredditDownloader,
fvdena5,fvdebj0,VredditDownloader,"*beep. boop.* ğŸ¤– I'm a bot that helps downloading videos!  
##[Download](https://reddit.tube/d/P3Rl6zd)

I also work with links sent by PM.

[Download more videos from shittymobilegameads](https://www.reddit.tube/category/shittymobilegameads)

 ***  
^[Info](https://np.reddit.com/user/VredditDownloader/comments/cju1dg/info/)&#32;|&#32;[Support&#32;me&#32;â¤](https://www.paypal.me/synapsensalat)&#32;|&#32;[Github](https://github.com/JohannesPertl/vreddit-downloader)",1,1592597389.0,[],*beep. boop.* ğŸ¤– I'm a...,fvdebj0
fveznsc,,rci22,After watching it so many times it's unironically starting to seems like it'd be fun,1,1592632602.0,[],After watching it so many...,
fvgpewh,,None,u/vredditdownloader,1,1592678624.0,"[{'id': 'fvgpsee', 'parent_id': 'fvgpewh', 'author': 'VredditDownloader', 'body': ""*beep. boop.* ğŸ¤– I'm a bot that helps downloading videos!  \n##[Download](https://reddit.tube/d/P3Rl6zd)\n\nI also work with links sent by PM.\n\n[Download more videos from shittymobilegameads](https://www.reddit.tube/category/shittymobilegameads)\n\n ***  \n^[Info](https://np.reddit.com/user/VredditDownloader/comments/cju1dg/info/)&#32;|&#32;[Support&#32;me&#32;â¤](https://www.paypal.me/synapsensalat)&#32;|&#32;[Github](https://github.com/JohannesPertl/vreddit-downloader)"", 'score': 1, 'created_utc': 1592678829.0, 'replies': []}]",u/vredditdownloader,
fvgpsee,fvgpewh,VredditDownloader,"*beep. boop.* ğŸ¤– I'm a bot that helps downloading videos!  
##[Download](https://reddit.tube/d/P3Rl6zd)

I also work with links sent by PM.

[Download more videos from shittymobilegameads](https://www.reddit.tube/category/shittymobilegameads)

 ***  
^[Info](https://np.reddit.com/user/VredditDownloader/comments/cju1dg/info/)&#32;|&#32;[Support&#32;me&#32;â¤](https://www.paypal.me/synapsensalat)&#32;|&#32;[Github](https://github.com/JohannesPertl/vreddit-downloader)",1,1592678829.0,[],*beep. boop.* ğŸ¤– I'm a...,fvgpewh
fw1sy4x,,hiQer,"Was just thinking about this yesterday. WHAT COMPANY makes these shitty game app ads? Just like all those videos they are NOT what the game really is like. I don't get how to works for them.. such as ""State of Survival""..",1,1593167875.0,[],Was just thinking about this...,
fwtn8ew,,Spook404,So this is part survival part sniper part tower defense?,1,1593797252.0,[],So this is part survival...,
fx1qtjn,,torzyy,He built a city on the sand? Lmao,1,1593992834.0,[],He built a city on...,
fxwl5hv,,CloudPuffGacha,"Thereâ€™s also an ad where heâ€™s on low health, he finds an island, starts smoking a cigarette, and suddenly his health is back. Yeah, makes sense.",1,1594620593.0,[],Thereâ€™s also an ad where...,
fydb0jh,,JustASimpleCubesmith,"no don't drink the fucking ocean water

literally everyone knows this",1,1595000654.0,[],no don't drink the fucking...,
fyql77c,,None,u/vredditdownloader,1,1595309061.0,"[{'id': 'fyqm0uv', 'parent_id': 'fyql77c', 'author': 'VredditDownloader', 'body': ""*beep. boop.* ğŸ¤– I'm a bot that helps downloading videos \n##[Download via reddit.tube](https://www.reddit.tube/r/shittymobilegameads/comments/gnatjk/legit_survival_game/)\n\nI also work with links sent by PM.\n\n ***  \n[Info](https://np.reddit.com/user/VredditDownloader/comments/cju1dg/info)&#32;|&#32;[Support me](https://www.paypal.me/synapsensalat)&#32;|&#32;[Github](https://github.com/JohannesPertl/vreddit-download-bot)"", 'score': 1, 'created_utc': 1595309721.0, 'replies': []}]",u/vredditdownloader,
fyqm0uv,fyql77c,VredditDownloader,"*beep. boop.* ğŸ¤– I'm a bot that helps downloading videos 
##[Download via reddit.tube](https://www.reddit.tube/r/shittymobilegameads/comments/gnatjk/legit_survival_game/)

I also work with links sent by PM.

 ***  
[Info](https://np.reddit.com/user/VredditDownloader/comments/cju1dg/info)&#32;|&#32;[Support me](https://www.paypal.me/synapsensalat)&#32;|&#32;[Github](https://github.com/JohannesPertl/vreddit-download-bot)",1,1595309721.0,[],*beep. boop.* ğŸ¤– I'm a...,fyql77c
fyxm9zi,,Graitom,Ofcourse there are zombies,1,1595466075.0,[],Ofcourse there are zombies,
fzypxpd,,JonHenryOfZimbabwe,Literally starving to death but still has the strength to yeet a tree,1,1596266380.0,[],Literally starving to death but...,
g0xvrw5,,iamgoingtomurderyou,is that chuck greene?,1,1597015642.0,[],is that chuck greene?,
g26sg09,,None,"Step 1. Cut wood.

Step 2. Build a metropolis.",1,1597904442.0,[],Step 1. Cut wood. Step...,
g7aq7m5,,coconutblaze,*^(Made by Huawei)*,1,1601567769.0,[],*^(Made by Huawei)*,
g80r2g4,,FamilyGuy135,"What the fuck genre is this? Survival, city builder, or zombie game??",1,1602090812.0,[],What the fuck genre is...,
g81ccgc,,Friedeggs15,TIL that concrete trucks can build fucking islands,1,1602101104.0,[],TIL that concrete trucks can...,
g88k3f5,,None,"yep, thatâ€™s right, everybody has a cement truck up their ass, nothing wrong here!",1,1602265811.0,[],"yep, thatâ€™s right, everybody has...",
g8u9xuk,,The_knights_of_RPGs,Wha-,1,1602713437.0,[],Wha-,
g9fxsc1,,None,[deleted],1,1603208615.0,"[{'id': 'g9fxsrl', 'parent_id': 'g9fxsc1', 'author': 'SaveThisVIdeo', 'body': 'Alright, I got this \n###[Download via redditsave.com](https://redditsave.com/info?url=/r/shittymobilegameads/comments/gnatjk/legit_survival_game/)\n\n\n --- \n [**Info**](https://np.reddit.com/user/SaveThisVIdeo/comments/iggmt9/info/)&#32;|&#32; [**Feedback**](https://np.reddit.com/message/compose/?to=Kryptonh&subject=Feedback for savethisvideo) &#32;|&#32; [**Donate**](https://ko-fi.com/getvideo)', 'score': 1, 'created_utc': 1603208621.0, 'replies': []}]",[deleted],
g9fxsrl,g9fxsc1,SaveThisVIdeo,"Alright, I got this 
###[Download via redditsave.com](https://redditsave.com/info?url=/r/shittymobilegameads/comments/gnatjk/legit_survival_game/)


 --- 
 [**Info**](https://np.reddit.com/user/SaveThisVIdeo/comments/iggmt9/info/)&#32;|&#32; [**Feedback**](https://np.reddit.com/message/compose/?to=Kryptonh&subject=Feedback for savethisvideo) &#32;|&#32; [**Donate**](https://ko-fi.com/getvideo)",1,1603208621.0,[],"Alright, I got this ###[Download...",g9fxsc1
g9g1o3k,,christhegamer96,Amazing what you can do with palm trees these days...,1,1603210508.0,[],Amazing what you can do...,
lggw81e,,NotYveee,Colombian inflation in currency belike;,1,1722787473.0,[],Colombian inflation in currency belike;,
lpfgwtv,,MaterialAgency6210,I just skipped 2 seconds and saw saw whole country and go back,1,1727573942.0,[],I just skipped 2 seconds...,
m741o9g,,Inside-Jacket9926,Whats happening ğŸ˜­,1,1736869384.0,[],Whats happening ğŸ˜­,
m7zejze,,Nicknamee007,A common Tuesday,1,1737296306.0,[],A common Tuesday,
me62mee,,Egglegg14,Bro I have a cement truck shoved up my ass just for this occasion this IS legit,1,1740234498.0,[],Bro I have a cement...,
fr8yc1c,,tobatch69,Yea because that's how land-making works,1,1589988495.0,[],Yea because that's how land-making...,
fr95kti,,djpon94,This is how Chad would survive,1,1589992043.0,[],This is how Chad would...,
fr957qv,,None,"the domino template


chop some wood --> god",-1,1589991868.0,[],the domino template chop some...,
fr91v4w,,halflife_3,Seriously where the fuck goddamn truck comes from ? from his poo,-2,1589990236.0,[],Seriously where the fuck goddamn...,
hkktv5l,,None,Give him a few more seconds and he will become the next American president.,1,1636890848.0,[],Give him a few more...,
hpxrh6l,,apothioternity,that escalated quickly,1,1640455813.0,[],that escalated quickly,
hq79hhy,,Mega-noob69,Get rich quick tutorials be like,1,1640643786.0,[],Get rich quick tutorials be...,
hrx5b9j,,Educational_Event_60,"I know we are all thing this but

WHAT",1,1641740670.0,[],I know we are all...,
hw224pc,,Sauce_master7,We went from 0 to 100 real fucking fast,1,1644306336.0,[],We went from 0 to...,
hxpv7p1,,RedditorCJ,had me in the first half not gonna lie,1,1645374231.0,[],had me in the first...,
i0farlx,,Generally_General,"If this ad told you anything, smacking the ground builds shit",1,1647125125.0,[],If this ad told you...,
i0v3s96,,howdo_itype,The fact that the truck came out of fucking thin air has me dying of laughter right now,1,1647421884.0,[],The fact that the truck...,
i22cvin,,Deranged_Guacamole,shit went from 0 to 100 real quick,1,1648216497.0,[],shit went from 0 to...,
i5uby3o,,PapaBray,Is that fucking BJ Blazkowicz?,1,1650688681.0,[],Is that fucking BJ Blazkowicz?,
icpof4l,,Johnlee130,"how come he could not use it earlier, but now, yes",1,1655475995.0,[],how come he could not...,
icpoi80,,Johnlee130,"the trees go away, might be real gameplay",1,1655476033.0,[],"the trees go away, might...",
ihgze6x,,None,Had us at the first half not gonna lie,1,1658683713.0,[],Had us at the first...,
iknpxhs,,Waifubeater420,Not sure about this Cast Away remake,1,1660745452.0,[],Not sure about this Cast...,
ilhw1ts,,Hollis131,u/savevideo,1,1661283139.0,"[{'id': 'ilhw30m', 'parent_id': 'ilhw1ts', 'author': 'SaveVideo', 'body': '###[View link](https://redditsave.com/r/shittymobilegameads/comments/gnatjk/legit_survival_game/)\n\n\n --- \n [**Info**](https://np.reddit.com/user/SaveVideo/comments/jv323v/info/)&#32;|&#32; [**Feedback**](https://np.reddit.com/message/compose/?to=Kryptonh&subject=Feedback for savevideo)&#32;|&#32;[**Donate**](https://ko-fi.com/getvideo) &#32;|&#32; [**DMCA**](https://np.reddit.com/message/compose/?to=Kryptonh&subject=Content removal request for savevideo&message=https://np.reddit.com//r/shittymobilegameads/comments/gnatjk/legit_survival_game/) &#32;|&#32; \n [^(reddit video downloader)](https://redditsave.com) &#32;|&#32; [^(download video tiktok)](https://taksave.com)', 'score': 1, 'created_utc': 1661283151.0, 'replies': []}]",u/savevideo,
ilhw30m,ilhw1ts,SaveVideo,"###[View link](https://redditsave.com/r/shittymobilegameads/comments/gnatjk/legit_survival_game/)


 --- 
 [**Info**](https://np.reddit.com/user/SaveVideo/comments/jv323v/info/)&#32;|&#32; [**Feedback**](https://np.reddit.com/message/compose/?to=Kryptonh&subject=Feedback for savevideo)&#32;|&#32;[**Donate**](https://ko-fi.com/getvideo) &#32;|&#32; [**DMCA**](https://np.reddit.com/message/compose/?to=Kryptonh&subject=Content removal request for savevideo&message=https://np.reddit.com//r/shittymobilegameads/comments/gnatjk/legit_survival_game/) &#32;|&#32; 
 [^(reddit video downloader)](https://redditsave.com) &#32;|&#32; [^(download video tiktok)](https://taksave.com)",1,1661283151.0,[],###[View link](https://redditsave.com/r/shittymobilegameads/comments/gnatjk/legit_survival_game/) --- [**Info**](https://np.reddit.com/user/SaveVideo/comments/jv323v/info/)&#32;|&#32; [**Feedback**](https://np.reddit.com/message/compose/?to=Kryptonh&subject=Feedback...,ilhw1ts
inoui37,,Foxclaws42,He truly has dumps like a truck.,1,1662699973.0,[],He truly has dumps like...,
iopoqsb,,None,I like how he summons a truck at one moment,1,1663360615.0,[],I like how he summons...,
ip3swq6,,TotallyNotMick,Pretty legit if you ask me,1,1663616837.0,[],Pretty legit if you ask...,
iq6y56a,,TheCompleteMental,I like how the shot of him taking off his shirt was excessivly but tastefully horny and kino af,1,1664335321.0,[],I like how the shot...,
irc17vm,,level69child,mf thought he could drink salt water ğŸ’€,1,1665092521.0,[],mf thought he could drink...,
j07wzbk,,None,"Island ""survival"" game ads be like

Washed ashore

Throw sand

Pull a axe out of ass or hit a tree

build a house 

give birth to a human even though your a man

build a city from like 5 palm trees and some rock and gold",1,1671043243.0,[],"Island ""survival"" game ads be...",
j7kuaer,,ZgameOnYT,"Minecraft ""100 days"" videos:",1,1675782549.0,[],"Minecraft ""100 days"" videos:",
jcvxgf0,,FrinzReddit,u/savevideo,1,1679269355.0,"[{'id': 'jcvxgqz', 'parent_id': 'jcvxgf0', 'author': 'SaveVideo', 'body': '###[View link](https://rapidsave.com/info?url=/r/shittymobilegameads/comments/gnatjk/legit_survival_game/)\n\n\n --- \n [**Info**](https://np.reddit.com/user/SaveVideo/comments/jv323v/info/)&#32;|&#32; [**Feedback**](https://np.reddit.com/message/compose/?to=Kryptonh&subject=Feedback for savevideo)&#32;|&#32;[**Donate**](https://ko-fi.com/getvideo) &#32;|&#32; [**DMCA**](https://np.reddit.com/message/compose/?to=Kryptonh&subject=Content removal request for savevideo&message=https://np.reddit.com//r/shittymobilegameads/comments/gnatjk/legit_survival_game/) &#32;|&#32; \n [^(reddit video downloader)](https://rapidsave.com) &#32;|&#32; [^(twitter video downloader)](https://twitsave.com)', 'score': 1, 'created_utc': 1679269360.0, 'replies': []}]",u/savevideo,
jcvxgqz,jcvxgf0,SaveVideo,"###[View link](https://rapidsave.com/info?url=/r/shittymobilegameads/comments/gnatjk/legit_survival_game/)


 --- 
 [**Info**](https://np.reddit.com/user/SaveVideo/comments/jv323v/info/)&#32;|&#32; [**Feedback**](https://np.reddit.com/message/compose/?to=Kryptonh&subject=Feedback for savevideo)&#32;|&#32;[**Donate**](https://ko-fi.com/getvideo) &#32;|&#32; [**DMCA**](https://np.reddit.com/message/compose/?to=Kryptonh&subject=Content removal request for savevideo&message=https://np.reddit.com//r/shittymobilegameads/comments/gnatjk/legit_survival_game/) &#32;|&#32; 
 [^(reddit video downloader)](https://rapidsave.com) &#32;|&#32; [^(twitter video downloader)](https://twitsave.com)",1,1679269360.0,[],###[View link](https://rapidsave.com/info?url=/r/shittymobilegameads/comments/gnatjk/legit_survival_game/) --- [**Info**](https://np.reddit.com/user/SaveVideo/comments/jv323v/info/)&#32;|&#32; [**Feedback**](https://np.reddit.com/message/compose/?to=Kryptonh&subject=Feedback...,jcvxgf0
jtdifig,,Demondroit,u/savevideo,1,1690287382.0,"[{'id': 'jtdig0z', 'parent_id': 'jtdifig', 'author': 'SaveVideo', 'body': '###[View link](https://rapidsave.com/info?url=/r/shittymobilegameads/comments/gnatjk/legit_survival_game/)\n\n\n --- \n [**Info**](https://np.reddit.com/user/SaveVideo/comments/jv323v/info/)&#32;|&#32; [**Feedback**](https://np.reddit.com/message/compose/?to=Kryptonh&subject=Feedback for savevideo)&#32;|&#32;[**Donate**](https://ko-fi.com/getvideo) &#32;|&#32; [**DMCA**](https://np.reddit.com/message/compose/?to=Kryptonh&subject=Content removal request for savevideo&message=https://np.reddit.com//r/shittymobilegameads/comments/gnatjk/legit_survival_game/) &#32;|&#32; \n [^(reddit video downloader)](https://rapidsave.com) &#32;|&#32; [^(twitter video downloader)](https://twitsave.com)', 'score': 1, 'created_utc': 1690287389.0, 'replies': []}]",u/savevideo,
jtdig0z,jtdifig,SaveVideo,"###[View link](https://rapidsave.com/info?url=/r/shittymobilegameads/comments/gnatjk/legit_survival_game/)


 --- 
 [**Info**](https://np.reddit.com/user/SaveVideo/comments/jv323v/info/)&#32;|&#32; [**Feedback**](https://np.reddit.com/message/compose/?to=Kryptonh&subject=Feedback for savevideo)&#32;|&#32;[**Donate**](https://ko-fi.com/getvideo) &#32;|&#32; [**DMCA**](https://np.reddit.com/message/compose/?to=Kryptonh&subject=Content removal request for savevideo&message=https://np.reddit.com//r/shittymobilegameads/comments/gnatjk/legit_survival_game/) &#32;|&#32; 
 [^(reddit video downloader)](https://rapidsave.com) &#32;|&#32; [^(twitter video downloader)](https://twitsave.com)",1,1690287389.0,[],###[View link](https://rapidsave.com/info?url=/r/shittymobilegameads/comments/gnatjk/legit_survival_game/) --- [**Info**](https://np.reddit.com/user/SaveVideo/comments/jv323v/info/)&#32;|&#32; [**Feedback**](https://np.reddit.com/message/compose/?to=Kryptonh&subject=Feedback...,jtdifig
jwcxkhf,,teetertottermcpotter,u/savevideobot,1,1692143028.0,"[{'id': 'jwcxl3g', 'parent_id': 'jwcxkhf', 'author': 'savevideobot', 'body': '###[View link](https://rapidsave.com/info?url=/r/shittymobilegameads/comments/gnatjk/legit_survival_game/)\n\n\n --- \n [**Info**](https://np.reddit.com/user/SaveVideo/comments/jv323v/info/)&#32;|&#32; [**Feedback**](https://np.reddit.com/message/compose/?to=Kryptonh&subject=Feedback for savevideobot)&#32;|&#32;[**Donate**](https://ko-fi.com/getvideo) &#32;|&#32; [**DMCA**](https://np.reddit.com/message/compose/?to=Kryptonh&subject=Content removal request for savevideo&message=https://np.reddit.com//r/shittymobilegameads/comments/gnatjk/legit_survival_game/) &#32;|&#32; \n [^(pinterest video downloader)](https://ptsave.com) &#32;|&#32; [^(twitter video downloader)](https://twitsave.com)', 'score': 1, 'created_utc': 1692143034.0, 'replies': []}]",u/savevideobot,
jwcxl3g,jwcxkhf,savevideobot,"###[View link](https://rapidsave.com/info?url=/r/shittymobilegameads/comments/gnatjk/legit_survival_game/)


 --- 
 [**Info**](https://np.reddit.com/user/SaveVideo/comments/jv323v/info/)&#32;|&#32; [**Feedback**](https://np.reddit.com/message/compose/?to=Kryptonh&subject=Feedback for savevideobot)&#32;|&#32;[**Donate**](https://ko-fi.com/getvideo) &#32;|&#32; [**DMCA**](https://np.reddit.com/message/compose/?to=Kryptonh&subject=Content removal request for savevideo&message=https://np.reddit.com//r/shittymobilegameads/comments/gnatjk/legit_survival_game/) &#32;|&#32; 
 [^(pinterest video downloader)](https://ptsave.com) &#32;|&#32; [^(twitter video downloader)](https://twitsave.com)",1,1692143034.0,[],###[View link](https://rapidsave.com/info?url=/r/shittymobilegameads/comments/gnatjk/legit_survival_game/) --- [**Info**](https://np.reddit.com/user/SaveVideo/comments/jv323v/info/)&#32;|&#32; [**Feedback**](https://np.reddit.com/message/compose/?to=Kryptonh&subject=Feedback...,jwcxkhf
kalrp46,,sadlyigothacked,u/savevideobot,1,1700855783.0,[],u/savevideobot,
